"","Replicate","Batch.x","Threshold","PC1","PC2","Stress","Sample","Condition","Batch.y","Batch2","AB","Bacs","file_ID","Replicate_Number"
"1","bA.A.1","with Batch",0,-6.89684554604118,-13.5120958864648,9.75993138621074,"G05272","bA.A","a","e","yes","bac","G05272_salmon",1
"2","bA.A.1","w/o Batch",0,8.58116065621609,-10.4061778944305,10.4953061044631,"G05272","bA.A","a","e","yes","bac","G05272_salmon",1
"3","bA.A.1","with Batch",1,-6.78189936023153,-13.5382363088881,9.74281922430515,"G05272","bA.A","a","e","yes","bac","G05272_salmon",1
"4","bA.A.1","w/o Batch",1,8.66914408785968,-10.2796182371268,10.3290309838624,"G05272","bA.A","a","e","yes","bac","G05272_salmon",1
"5","bA.A.1","with Batch",3,-6.84237598778192,-13.5794851197957,9.84793335279049,"G05272","bA.A","a","e","yes","bac","G05272_salmon",1
"6","bA.A.1","w/o Batch",3,8.36077130971512,-10.5078562016719,10.5206950795363,"G05272","bA.A","a","e","yes","bac","G05272_salmon",1
"7","bA.A.1","with Batch",10,-6.88318955408931,-13.4870562704924,9.70443239753736,"G05272","bA.A","a","e","yes","bac","G05272_salmon",1
"8","bA.A.1","w/o Batch",10,8.47425450248516,-10.6082396150205,10.1965163307837,"G05272","bA.A","a","e","yes","bac","G05272_salmon",1
"9","bA.A.2","with Batch",0,-5.93260516003612,0.82480049243012,9.75993138621074,"G05274","bA.A","a","b","yes","bac","G05274_salmon",2
"10","bA.A.2","w/o Batch",0,5.10879245666439,0.606717797089946,10.4953061044631,"G05274","bA.A","a","b","yes","bac","G05274_salmon",2
"11","bA.A.2","with Batch",1,-5.90889237535261,0.867048376089439,9.74281922430515,"G05274","bA.A","a","b","yes","bac","G05274_salmon",2
"12","bA.A.2","w/o Batch",1,5.09925770938196,0.508120359092032,10.3290309838624,"G05274","bA.A","a","b","yes","bac","G05274_salmon",2
"13","bA.A.2","with Batch",3,-5.85871619509347,0.869121156521585,9.84793335279049,"G05274","bA.A","a","b","yes","bac","G05274_salmon",2
"14","bA.A.2","w/o Batch",3,5.07195214651072,0.640951101685537,10.5206950795363,"G05274","bA.A","a","b","yes","bac","G05274_salmon",2
"15","bA.A.2","with Batch",10,-5.8146325114823,1.06767265115964,9.70443239753736,"G05274","bA.A","a","b","yes","bac","G05274_salmon",2
"16","bA.A.2","w/o Batch",10,5.18998500647916,1.50714246826855,10.1965163307837,"G05274","bA.A","a","b","yes","bac","G05274_salmon",2
"17","bA.A.3","with Batch",0,-6.04993539457347,-4.93481129505976,9.75993138621074,"G05277","bA.A","a","c","yes","bac","G05277_salmon",3
"18","bA.A.3","w/o Batch",0,10.0096996998881,1.12552712822035,10.4953061044631,"G05277","bA.A","a","c","yes","bac","G05277_salmon",3
"19","bA.A.3","with Batch",1,-6.04710903452169,-4.90833858734041,9.74281922430515,"G05277","bA.A","a","c","yes","bac","G05277_salmon",3
"20","bA.A.3","w/o Batch",1,9.98831066406795,1.05648971171383,10.3290309838624,"G05277","bA.A","a","c","yes","bac","G05277_salmon",3
"21","bA.A.3","with Batch",3,-5.99065183575501,-4.89682573899867,9.84793335279049,"G05277","bA.A","a","c","yes","bac","G05277_salmon",3
"22","bA.A.3","w/o Batch",3,9.94808944562876,1.1610194433378,10.5206950795363,"G05277","bA.A","a","c","yes","bac","G05277_salmon",3
"23","bA.A.3","with Batch",10,-5.88354028566277,-4.73314773139683,9.70443239753736,"G05277","bA.A","a","c","yes","bac","G05277_salmon",3
"24","bA.A.3","w/o Batch",10,9.84376298780361,1.12974120526103,10.1965163307837,"G05277","bA.A","a","c","yes","bac","G05277_salmon",3
"25","bA.A.4","with Batch",0,-3.77875979686311,-1.97366431827952,9.75993138621074,"G05282","bA.A","a","a","yes","bac","G05282_salmon",4
"26","bA.A.4","w/o Batch",0,5.14938438494479,-0.103891529422204,10.4953061044631,"G05282","bA.A","a","a","yes","bac","G05282_salmon",4
"27","bA.A.4","with Batch",1,-3.89991876274495,-1.97187822074849,9.74281922430515,"G05282","bA.A","a","a","yes","bac","G05282_salmon",4
"28","bA.A.4","w/o Batch",1,5.01586075992934,-0.230498993464206,10.3290309838624,"G05282","bA.A","a","a","yes","bac","G05282_salmon",4
"29","bA.A.4","with Batch",3,-3.82123554154143,-1.98459116758824,9.84793335279049,"G05282","bA.A","a","a","yes","bac","G05282_salmon",4
"30","bA.A.4","w/o Batch",3,5.11179273581716,0.0293893516212761,10.5206950795363,"G05282","bA.A","a","a","yes","bac","G05282_salmon",4
"31","bA.A.4","with Batch",10,-3.81619309090335,-1.94529585468038,9.70443239753736,"G05282","bA.A","a","a","yes","bac","G05282_salmon",4
"32","bA.A.4","w/o Batch",10,4.69750165431467,1.1317954178529,10.1965163307837,"G05282","bA.A","a","a","yes","bac","G05282_salmon",4
"33","bA.A.5","with Batch",0,-8.65423987982557,-0.476870450585791,9.75993138621074,"G05289","bA.A","b","d","yes","bac","G05289_salmon",5
"34","bA.A.5","w/o Batch",0,6.60093130383712,1.26392435789615,10.4953061044631,"G05289","bA.A","b","d","yes","bac","G05289_salmon",5
"35","bA.A.5","with Batch",1,-8.66167484907883,-0.390966297134989,9.74281922430515,"G05289","bA.A","b","d","yes","bac","G05289_salmon",5
"36","bA.A.5","w/o Batch",1,6.34996961483743,1.30042989470638,10.3290309838624,"G05289","bA.A","b","d","yes","bac","G05289_salmon",5
"37","bA.A.5","with Batch",3,-8.60031460018837,-0.483757270695145,9.84793335279049,"G05289","bA.A","b","d","yes","bac","G05289_salmon",5
"38","bA.A.5","w/o Batch",3,6.53577794211267,1.26184274140448,10.5206950795363,"G05289","bA.A","b","d","yes","bac","G05289_salmon",5
"39","bA.A.5","with Batch",10,-8.4915271057329,-0.596819436914176,9.70443239753736,"G05289","bA.A","b","d","yes","bac","G05289_salmon",5
"40","bA.A.5","w/o Batch",10,6.28546480129745,2.08564987844166,10.1965163307837,"G05289","bA.A","b","d","yes","bac","G05289_salmon",5
"41","bE.A.1","with Batch",0,-7.71675331532518,1.17340082719753,9.75993138621074,"G05280","bE.A","a","f","yes","bac","G05280_salmon",1
"42","bE.A.1","w/o Batch",0,7.0460467072092,-0.838114154824022,10.4953061044631,"G05280","bE.A","a","f","yes","bac","G05280_salmon",1
"43","bE.A.1","with Batch",1,-7.68084126287474,1.09444952956801,9.74281922430515,"G05280","bE.A","a","f","yes","bac","G05280_salmon",1
"44","bE.A.1","w/o Batch",1,6.9352763666176,-0.903783770263108,10.3290309838624,"G05280","bE.A","a","f","yes","bac","G05280_salmon",1
"45","bE.A.1","with Batch",3,-7.68859080717591,1.04990318159054,9.84793335279049,"G05280","bE.A","a","f","yes","bac","G05280_salmon",1
"46","bE.A.1","w/o Batch",3,7.053617001999,-0.825017349650964,10.5206950795363,"G05280","bE.A","a","f","yes","bac","G05280_salmon",1
"47","bE.A.1","with Batch",10,-7.88920500684384,1.01630027480316,9.70443239753736,"G05280","bE.A","a","f","yes","bac","G05280_salmon",1
"48","bE.A.1","w/o Batch",10,7.01767250951265,-0.813792923276966,10.1965163307837,"G05280","bE.A","a","f","yes","bac","G05280_salmon",1
"49","bE.A.2","with Batch",0,-7.17267758642369,3.13684737961227,9.75993138621074,"G05284","bE.A","b","e","yes","bac","G05284_salmon",2
"50","bE.A.2","w/o Batch",0,8.36009798971286,3.54243470008037,10.4953061044631,"G05284","bE.A","b","e","yes","bac","G05284_salmon",2
"51","bE.A.2","with Batch",1,-6.96817219246744,3.24432656398051,9.74281922430515,"G05284","bE.A","b","e","yes","bac","G05284_salmon",2
"52","bE.A.2","w/o Batch",1,8.36378806286933,3.43781170243841,10.3290309838624,"G05284","bE.A","b","e","yes","bac","G05284_salmon",2
"53","bE.A.2","with Batch",3,-7.12341544776647,3.29461899308416,9.84793335279049,"G05284","bE.A","b","e","yes","bac","G05284_salmon",2
"54","bE.A.2","w/o Batch",3,8.36774297094246,3.71581927603243,10.5206950795363,"G05284","bE.A","b","e","yes","bac","G05284_salmon",2
"55","bE.A.2","with Batch",10,-7.30303410924642,3.14684900155866,9.70443239753736,"G05284","bE.A","b","e","yes","bac","G05284_salmon",2
"56","bE.A.2","w/o Batch",10,8.54673704538217,3.20035996657076,10.1965163307837,"G05284","bE.A","b","e","yes","bac","G05284_salmon",2
"57","bE.A.3","with Batch",0,-8.42242499684723,2.29788058405786,9.75993138621074,"G05286","bE.A","b","d","yes","bac","G05286_salmon",3
"58","bE.A.3","w/o Batch",0,6.16265557808516,1.77787990443818,10.4953061044631,"G05286","bE.A","b","d","yes","bac","G05286_salmon",3
"59","bE.A.3","with Batch",1,-8.55836118546522,2.15782069851406,9.74281922430515,"G05286","bE.A","b","d","yes","bac","G05286_salmon",3
"60","bE.A.3","w/o Batch",1,6.55044312070345,1.71475408983889,10.3290309838624,"G05286","bE.A","b","d","yes","bac","G05286_salmon",3
"61","bE.A.3","with Batch",3,-8.53228656742992,2.19477419302699,9.84793335279049,"G05286","bE.A","b","d","yes","bac","G05286_salmon",3
"62","bE.A.3","w/o Batch",3,6.30098989854642,1.88549086020734,10.5206950795363,"G05286","bE.A","b","d","yes","bac","G05286_salmon",3
"63","bE.A.3","with Batch",10,-8.62246983920241,2.04359416713689,9.70443239753736,"G05286","bE.A","b","d","yes","bac","G05286_salmon",3
"64","bE.A.3","w/o Batch",10,6.67890800122323,0.106475082551532,10.1965163307837,"G05286","bE.A","b","d","yes","bac","G05286_salmon",3
"65","bE.A.4","with Batch",0,-8.40143456239384,1.46960291955903,9.75993138621074,"G05290","bE.A","b","b","yes","bac","G05290_salmon",4
"66","bE.A.4","w/o Batch",0,7.72568197643161,-0.854748663213487,10.4953061044631,"G05290","bE.A","b","b","yes","bac","G05290_salmon",4
"67","bE.A.4","with Batch",1,-8.5015997674968,1.48426920834849,9.74281922430515,"G05290","bE.A","b","b","yes","bac","G05290_salmon",4
"68","bE.A.4","w/o Batch",1,7.83858748917266,-0.918554721808202,10.3290309838624,"G05290","bE.A","b","b","yes","bac","G05290_salmon",4
"69","bE.A.4","with Batch",3,-8.4839440671619,1.48384509365977,9.84793335279049,"G05290","bE.A","b","b","yes","bac","G05290_salmon",4
"70","bE.A.4","w/o Batch",3,7.85106570233462,-0.991528599324821,10.5206950795363,"G05290","bE.A","b","b","yes","bac","G05290_salmon",4
"71","bE.A.4","with Batch",10,-8.49248601446943,1.48188932492424,9.70443239753736,"G05290","bE.A","b","b","yes","bac","G05290_salmon",4
"72","bE.A.4","w/o Batch",10,7.5955428716332,-1.11490116617307,10.1965163307837,"G05290","bE.A","b","b","yes","bac","G05290_salmon",4
"73","bE.A.5","with Batch",0,-2.43976128095466,1.29913118030053,9.75993138621074,"G05292","bE.A","b","f","yes","bac","G05292_salmon",5
"74","bE.A.5","w/o Batch",0,2.02769890824186,-1.68223321754295,10.4953061044631,"G05292","bE.A","b","f","yes","bac","G05292_salmon",5
"75","bE.A.5","with Batch",1,-2.41583066108984,1.31615906551879,9.74281922430515,"G05292","bE.A","b","f","yes","bac","G05292_salmon",5
"76","bE.A.5","w/o Batch",1,1.99194436409128,-1.57308783412469,10.3290309838624,"G05292","bE.A","b","f","yes","bac","G05292_salmon",5
"77","bE.A.5","with Batch",3,-2.36369268589619,1.38452341233859,9.84793335279049,"G05292","bE.A","b","f","yes","bac","G05292_salmon",5
"78","bE.A.5","w/o Batch",3,1.98542769027098,-1.71765591950673,10.5206950795363,"G05292","bE.A","b","f","yes","bac","G05292_salmon",5
"79","bE.A.5","with Batch",10,-2.629047736013,1.46889752777786,9.70443239753736,"G05292","bE.A","b","f","yes","bac","G05292_salmon",5
"80","bE.A.5","w/o Batch",10,2.22735552784183,-1.67886837205526,10.1965163307837,"G05292","bE.A","b","f","yes","bac","G05292_salmon",5
"81","bJ.A.1","with Batch",0,-3.41316214154714,-0.446455443979414,9.75993138621074,"G05273","bJ.A","a","a","yes","bac","G05273_salmon",1
"82","bJ.A.1","w/o Batch",0,4.22117033047201,0.404754051360476,10.4953061044631,"G05273","bJ.A","a","a","yes","bac","G05273_salmon",1
"83","bJ.A.1","with Batch",1,-3.12891854441201,-0.423547117801515,9.74281922430515,"G05273","bJ.A","a","a","yes","bac","G05273_salmon",1
"84","bJ.A.1","w/o Batch",1,4.28231456697446,0.539156516655482,10.3290309838624,"G05273","bJ.A","a","a","yes","bac","G05273_salmon",1
"85","bJ.A.1","with Batch",3,-3.36380987156154,-0.465751754537314,9.84793335279049,"G05273","bJ.A","a","a","yes","bac","G05273_salmon",1
"86","bJ.A.1","w/o Batch",3,4.19213240382764,0.263057843253573,10.5206950795363,"G05273","bJ.A","a","a","yes","bac","G05273_salmon",1
"87","bJ.A.1","with Batch",10,-3.06942163244878,-0.308590090557053,9.70443239753736,"G05273","bJ.A","a","a","yes","bac","G05273_salmon",1
"88","bJ.A.1","w/o Batch",10,4.50278781503306,-0.740191481429259,10.1965163307837,"G05273","bJ.A","a","a","yes","bac","G05273_salmon",1
"89","bJ.A.2","with Batch",0,0.738548461753096,-4.81476039336012,9.75993138621074,"G05278","bJ.A","a","e","yes","bac","G05278_salmon",2
"90","bJ.A.2","w/o Batch",0,-0.295754066182068,-4.50094240046125,10.4953061044631,"G05278","bJ.A","a","e","yes","bac","G05278_salmon",2
"91","bJ.A.2","with Batch",1,0.7766317436002,-4.92289068933095,9.74281922430515,"G05278","bJ.A","a","e","yes","bac","G05278_salmon",2
"92","bJ.A.2","w/o Batch",1,-0.274763613224326,-4.36416987998262,10.3290309838624,"G05278","bJ.A","a","e","yes","bac","G05278_salmon",2
"93","bJ.A.2","with Batch",3,0.795481935750807,-5.05577793173411,9.84793335279049,"G05278","bJ.A","a","e","yes","bac","G05278_salmon",2
"94","bJ.A.2","w/o Batch",3,-0.188126344835477,-4.56175361854211,10.5206950795363,"G05278","bJ.A","a","e","yes","bac","G05278_salmon",2
"95","bJ.A.2","with Batch",10,0.740778574931034,-5.13014816891037,9.70443239753736,"G05278","bJ.A","a","e","yes","bac","G05278_salmon",2
"96","bJ.A.2","w/o Batch",10,-0.415358823456486,-4.55204830789158,10.1965163307837,"G05278","bJ.A","a","e","yes","bac","G05278_salmon",2
"97","bJ.A.3","with Batch",0,2.09580455037419,-4.93287038464196,9.75993138621074,"G05285","bJ.A","b","c","yes","bac","G05285_salmon",3
"98","bJ.A.3","w/o Batch",0,2.91307494079967,-2.75815262948801,10.4953061044631,"G05285","bJ.A","b","c","yes","bac","G05285_salmon",3
"99","bJ.A.3","with Batch",1,2.07736791042745,-4.90708197288038,9.74281922430515,"G05285","bJ.A","b","c","yes","bac","G05285_salmon",3
"100","bJ.A.3","w/o Batch",1,3.01164441109738,-2.75973194021573,10.3290309838624,"G05285","bJ.A","b","c","yes","bac","G05285_salmon",3
"101","bJ.A.3","with Batch",3,2.22089865803967,-4.6500670879585,9.84793335279049,"G05285","bJ.A","b","c","yes","bac","G05285_salmon",3
"102","bJ.A.3","w/o Batch",3,3.06321035224161,-2.70726561763137,10.5206950795363,"G05285","bJ.A","b","c","yes","bac","G05285_salmon",3
"103","bJ.A.3","with Batch",10,2.40304667587285,-4.71184461864966,9.70443239753736,"G05285","bJ.A","b","c","yes","bac","G05285_salmon",3
"104","bJ.A.3","w/o Batch",10,2.93807280410439,-2.83189748297506,10.1965163307837,"G05285","bJ.A","b","c","yes","bac","G05285_salmon",3
"105","bJ.A.4","with Batch",0,3.2744399690058,-2.89063339356094,9.75993138621074,"G05288","bJ.A","b","f","yes","bac","G05288_salmon",4
"106","bJ.A.4","w/o Batch",0,-3.94457473888029,-6.32609676072871,10.4953061044631,"G05288","bJ.A","b","f","yes","bac","G05288_salmon",4
"107","bJ.A.4","with Batch",1,3.31267139990922,-2.83527481631697,9.74281922430515,"G05288","bJ.A","b","f","yes","bac","G05288_salmon",4
"108","bJ.A.4","w/o Batch",1,-4.00826955627598,-6.28538722385148,10.3290309838624,"G05288","bJ.A","b","f","yes","bac","G05288_salmon",4
"109","bJ.A.4","with Batch",3,3.29723189205357,-2.80706921202829,9.84793335279049,"G05288","bJ.A","b","f","yes","bac","G05288_salmon",4
"110","bJ.A.4","w/o Batch",3,-4.05095938506988,-6.4533360103993,10.5206950795363,"G05288","bJ.A","b","f","yes","bac","G05288_salmon",4
"111","bJ.A.4","with Batch",10,3.32870869585333,-2.93308042541477,9.70443239753736,"G05288","bJ.A","b","f","yes","bac","G05288_salmon",4
"112","bJ.A.4","w/o Batch",10,-4.02186627638832,-6.21384531801631,10.1965163307837,"G05288","bJ.A","b","f","yes","bac","G05288_salmon",4
"113","bJ.A.5","with Batch",0,-3.36612788038862,0.927597061835757,9.75993138621074,"G05294","bJ.A","b","d","yes","bac","G05294_salmon",5
"114","bJ.A.5","w/o Batch",0,1.68920845892611,0.172808833628081,10.4953061044631,"G05294","bJ.A","b","d","yes","bac","G05294_salmon",5
"115","bJ.A.5","with Batch",1,-3.38898784825993,0.799619113318022,9.74281922430515,"G05294","bJ.A","b","d","yes","bac","G05294_salmon",5
"116","bJ.A.5","w/o Batch",1,1.62797414158015,0.256634470479866,10.3290309838624,"G05294","bJ.A","b","d","yes","bac","G05294_salmon",5
"117","bJ.A.5","with Batch",3,-3.34457203179689,0.875266007736393,9.84793335279049,"G05294","bJ.A","b","d","yes","bac","G05294_salmon",5
"118","bJ.A.5","w/o Batch",3,1.68358109723243,0.314952261341387,10.5206950795363,"G05294","bJ.A","b","d","yes","bac","G05294_salmon",5
"119","bJ.A.5","with Batch",10,-3.3611463075126,0.639830190200249,9.70443239753736,"G05294","bJ.A","b","d","yes","bac","G05294_salmon",5
"120","bJ.A.5","w/o Batch",10,1.74773471541394,0.0936781466992376,10.1965163307837,"G05294","bJ.A","b","d","yes","bac","G05294_salmon",5
"121","GF.1","with Batch",0,3.95693812308811,-5.22280387730118,9.75993138621074,"G05271","GF","a","a","yes","no","G05271_salmon",1
"122","GF.1","w/o Batch",0,-2.98540158053777,-4.16546163174144,10.4953061044631,"G05271","GF","a","a","yes","no","G05271_salmon",1
"123","GF.1","with Batch",1,3.91982581100518,-5.24888847411197,9.74281922430515,"G05271","GF","a","a","yes","no","G05271_salmon",1
"124","GF.1","w/o Batch",1,-2.94659733580401,-4.12133612677697,10.3290309838624,"G05271","GF","a","a","yes","no","G05271_salmon",1
"125","GF.1","with Batch",3,3.8665073088137,-5.34429767268866,9.84793335279049,"G05271","GF","a","a","yes","no","G05271_salmon",1
"126","GF.1","w/o Batch",3,-2.92116376388985,-4.11433860718822,10.5206950795363,"G05271","GF","a","a","yes","no","G05271_salmon",1
"127","GF.1","with Batch",10,3.91487285986347,-5.10345324351552,9.70443239753736,"G05271","GF","a","a","yes","no","G05271_salmon",1
"128","GF.1","w/o Batch",10,-3.08025922293915,-4.19554435348911,10.1965163307837,"G05271","GF","a","a","yes","no","G05271_salmon",1
"129","GF.2","with Batch",0,-2.07718658388954,7.60592852429946,9.75993138621074,"G05276","GF","a","d","yes","no","G05276_salmon",2
"130","GF.2","w/o Batch",0,-2.10290189257605,8.27542607175468,10.4953061044631,"G05276","GF","a","d","yes","no","G05276_salmon",2
"131","GF.2","with Batch",1,-2.13357553536751,7.58883302818573,9.74281922430515,"G05276","GF","a","d","yes","no","G05276_salmon",2
"132","GF.2","w/o Batch",1,-2.06437108593796,8.28942170257721,10.3290309838624,"G05276","GF","a","d","yes","no","G05276_salmon",2
"133","GF.2","with Batch",3,-2.18121106143927,7.63160239853999,9.84793335279049,"G05276","GF","a","d","yes","no","G05276_salmon",2
"134","GF.2","w/o Batch",3,-1.98520357379109,8.46372557278947,10.5206950795363,"G05276","GF","a","d","yes","no","G05276_salmon",2
"135","GF.2","with Batch",10,-2.03740748490797,7.57567552112177,9.70443239753736,"G05276","GF","a","d","yes","no","G05276_salmon",2
"136","GF.2","w/o Batch",10,-2.2828695126395,8.11950594888759,10.1965163307837,"G05276","GF","a","d","yes","no","G05276_salmon",2
"137","GF.3","with Batch",0,-3.27529459445823,7.07574406328703,9.75993138621074,"G05283","GF","b","f","yes","no","G05283_salmon",3
"138","GF.3","w/o Batch",0,1.02413901506925,6.6508033984299,10.4953061044631,"G05283","GF","b","f","yes","no","G05283_salmon",3
"139","GF.3","with Batch",1,-3.49883189107503,7.08282853153484,9.74281922430515,"G05283","GF","b","f","yes","no","G05283_salmon",3
"140","GF.3","w/o Batch",1,0.971661870465111,6.60983714209478,10.3290309838624,"G05283","GF","b","f","yes","no","G05283_salmon",3
"141","GF.3","with Batch",3,-3.57131681698791,7.01928508829842,9.84793335279049,"G05283","GF","b","f","yes","no","G05283_salmon",3
"142","GF.3","w/o Batch",3,1.01066363506756,6.78970072121246,10.5206950795363,"G05283","GF","b","f","yes","no","G05283_salmon",3
"143","GF.3","with Batch",10,-3.50333860374696,6.89385684488853,9.70443239753736,"G05283","GF","b","f","yes","no","G05283_salmon",3
"144","GF.3","w/o Batch",10,1.24494056332268,6.97445256329112,10.1965163307837,"G05283","GF","b","f","yes","no","G05283_salmon",3
"145","GF.4","with Batch",0,9.90651791404492,-12.4956752857498,9.75993138621074,"G05287","GF","b","d","yes","no","G05287_salmon",4
"146","GF.4","w/o Batch",0,-11.3339885932049,-13.6429979894775,10.4953061044631,"G05287","GF","b","d","yes","no","G05287_salmon",4
"147","GF.4","with Batch",1,9.92901120205073,-12.4870318011601,9.74281922430515,"G05287","GF","b","d","yes","no","G05287_salmon",4
"148","GF.4","w/o Batch",1,-11.3321375488592,-13.7904642805776,10.3290309838624,"G05287","GF","b","d","yes","no","G05287_salmon",4
"149","GF.4","with Batch",3,9.94834848632871,-12.4839264479483,9.84793335279049,"G05287","GF","b","d","yes","no","G05287_salmon",4
"150","GF.4","w/o Batch",3,-11.3361700738261,-13.5927979025056,10.5206950795363,"G05287","GF","b","d","yes","no","G05287_salmon",4
"151","GF.4","with Batch",10,10.0523857110433,-12.4421575279828,9.70443239753736,"G05287","GF","b","d","yes","no","G05287_salmon",4
"152","GF.4","w/o Batch",10,-11.3136405418841,-13.7745985637696,10.1965163307837,"G05287","GF","b","d","yes","no","G05287_salmon",4
"153","GF.5","with Batch",0,4.17960648089396,0.980607141781522,9.75993138621074,"G05295","GF","b","e","yes","no","G05295_salmon",5
"154","GF.5","w/o Batch",0,-0.92217013316556,8.09533551955622,10.4953061044631,"G05295","GF","b","e","yes","no","G05295_salmon",5
"155","GF.5","with Batch",1,4.11776204757825,1.0337769900943,9.74281922430515,"G05295","GF","b","e","yes","no","G05295_salmon",5
"156","GF.5","w/o Batch",1,-0.937419746706744,8.12335010343786,10.3290309838624,"G05295","GF","b","e","yes","no","G05295_salmon",5
"157","GF.5","with Batch",3,4.28358754118338,0.972421358086503,9.84793335279049,"G05295","GF","b","e","yes","no","G05295_salmon",5
"158","GF.5","w/o Batch",3,-1.18392727752305,7.8136277890698,10.5206950795363,"G05295","GF","b","e","yes","no","G05295_salmon",5
"159","GF.5","with Batch",10,4.07928256881509,1.07803656030028,9.70443239753736,"G05295","GF","b","e","yes","no","G05295_salmon",5
"160","GF.5","w/o Batch",10,-0.847772003989241,8.40658289662218,10.1965163307837,"G05295","GF","b","e","yes","no","G05295_salmon",5
"161","wt.1","with Batch",0,13.1274730230985,4.89571357038705,9.75993138621074,"G05275","wt","a","b","no","bac","G05275_salmon",1
"162","wt.1","w/o Batch",0,-13.8329004137112,0.109471410520666,10.4953061044631,"G05275","wt","a","b","no","bac","G05275_salmon",1
"163","wt.1","with Batch",1,13.199564512023,4.854832612292,9.74281922430515,"G05275","wt","a","b","no","bac","G05275_salmon",1
"164","wt.1","w/o Batch",1,-13.8400185265728,0.0532413695047182,10.3290309838624,"G05275","wt","a","b","no","bac","G05275_salmon",1
"165","wt.1","with Batch",3,13.2015587878711,4.93734596005302,9.84793335279049,"G05275","wt","a","b","no","bac","G05275_salmon",1
"166","wt.1","w/o Batch",3,-13.7768674953753,0.104713097287211,10.5206950795363,"G05275","wt","a","b","no","bac","G05275_salmon",1
"167","wt.1","with Batch",10,13.1075541101145,4.86570934447046,9.70443239753736,"G05275","wt","a","b","no","bac","G05275_salmon",1
"168","wt.1","w/o Batch",10,-13.7291862920118,0.0133639384218309,10.1965163307837,"G05275","wt","a","b","no","bac","G05275_salmon",1
"169","wt.2","with Batch",0,19.9939221129296,1.52778317220353,9.75993138621074,"G05279","wt","a","c","no","bac","G05279_salmon",2
"170","wt.2","w/o Batch",0,-14.9505055703494,2.19545851870137,10.4953061044631,"G05279","wt","a","c","no","bac","G05279_salmon",2
"171","wt.2","with Batch",1,19.9957917521128,1.40921366135575,9.74281922430515,"G05279","wt","a","c","no","bac","G05279_salmon",2
"172","wt.2","w/o Batch",1,-14.9042491862877,2.21948407580423,10.3290309838624,"G05279","wt","a","c","no","bac","G05279_salmon",2
"173","wt.2","with Batch",3,19.9417637385538,1.48429766408828,9.84793335279049,"G05279","wt","a","c","no","bac","G05279_salmon",2
"174","wt.2","w/o Batch",3,-14.8126896391578,2.32747700846119,10.5206950795363,"G05279","wt","a","c","no","bac","G05279_salmon",2
"175","wt.2","with Batch",10,20.0241471316542,1.5383406277361,9.70443239753736,"G05279","wt","a","c","no","bac","G05279_salmon",2
"176","wt.2","w/o Batch",10,-14.9037451421183,2.38522468635528,10.1965163307837,"G05279","wt","a","c","no","bac","G05279_salmon",2
"177","wt.3","with Batch",0,2.42497425499378,7.37868500523044,9.75993138621074,"G05281","wt","a","f","no","bac","G05281_salmon",3
"178","wt.3","w/o Batch",0,-5.72559268143341,3.65249386943414,10.4953061044631,"G05281","wt","a","f","no","bac","G05281_salmon",3
"179","wt.3","with Batch",1,2.48087124042376,7.54498628431582,9.74281922430515,"G05281","wt","a","f","no","bac","G05281_salmon",3
"180","wt.3","w/o Batch",1,-5.74549674293107,3.799685950337,10.3290309838624,"G05281","wt","a","f","no","bac","G05281_salmon",3
"181","wt.3","with Batch",3,2.52827363257513,7.40547050562517,9.84793335279049,"G05281","wt","a","f","no","bac","G05281_salmon",3
"182","wt.3","w/o Batch",3,-5.76457902969159,3.48582348962238,10.5206950795363,"G05281","wt","a","f","no","bac","G05281_salmon",3
"183","wt.3","with Batch",10,2.47215557320798,7.60386304025148,9.70443239753736,"G05281","wt","a","f","no","bac","G05281_salmon",3
"184","wt.3","w/o Batch",10,-5.80525200975954,3.751234391406,10.1965163307837,"G05281","wt","a","f","no","bac","G05281_salmon",3
"185","wt.4","with Batch",0,12.5417166332848,6.97853359211885,9.75993138621074,"G05291","wt","b","e","no","bac","G05291_salmon",4
"186","wt.4","w/o Batch",0,-13.8905513894553,4.63642240328936,10.4953061044631,"G05291","wt","b","e","no","bac","G05291_salmon",4
"187","wt.4","with Batch",1,12.4811149949731,6.99940760243633,9.74281922430515,"G05291","wt","b","e","no","bac","G05291_salmon",4
"188","wt.4","w/o Batch",1,-13.9958455410024,4.4827802655299,10.3290309838624,"G05291","wt","b","e","no","bac","G05291_salmon",4
"189","wt.4","with Batch",3,12.4318289999086,6.88784586778505,9.84793335279049,"G05291","wt","b","e","no","bac","G05291_salmon",4
"190","wt.4","w/o Batch",3,-13.8870595471956,4.56341246929767,10.5206950795363,"G05291","wt","b","e","no","bac","G05291_salmon",4
"191","wt.4","with Batch",10,12.4646585490216,6.86066994786867,9.70443239753736,"G05291","wt","b","e","no","bac","G05291_salmon",4
"192","wt.4","w/o Batch",10,-14.0368218724661,4.59222106924149,10.1965163307837,"G05291","wt","b","e","no","bac","G05291_salmon",4
"193","wt.5","with Batch",0,5.35726719610092,4.12838521468229,9.75993138621074,"G05293","wt","b","a","no","bac","G05293_salmon",5
"194","wt.5","w/o Batch",0,-6.63540134700222,2.7693589069302,10.4953061044631,"G05293","wt","b","a","no","bac","G05293_salmon",5
"195","wt.5","with Batch",1,5.28400065633444,4.15656302016177,9.74281922430515,"G05293","wt","b","a","no","bac","G05293_salmon",5
"196","wt.5","w/o Batch",1,-6.64700834604551,2.83543565398084,10.3290309838624,"G05293","wt","b","a","no","bac","G05293_salmon",5
"197","wt.5","with Batch",3,5.25065253649776,4.26122852353851,9.84793335279049,"G05293","wt","b","a","no","bac","G05293_salmon",5
"198","wt.5","w/o Batch",3,-6.63006820189137,2.65054679979707,10.5206950795363,"G05293","wt","b","a","no","bac","G05293_salmon",5
"199","wt.5","with Batch",10,5.20904883188468,4.11040834431601,9.70443239753736,"G05293","wt","b","a","no","bac","G05293_salmon",5
"200","wt.5","w/o Batch",10,-6.55394910819476,3.02649992422557,10.1965163307837,"G05293","wt","b","a","no","bac","G05293_salmon",5
