"","baseMean","log2FoldChange","lfcSE","stat","pvalue","padj","KO","Description"
"NVE10195",64.3875549102363,-0.581624991791491,0.175869447967746,-3.30714060066965,0.000942535714215769,0.040648423568412,"K09656","B4GALNT3; beta-1,4-N-acetylgalactosaminyltransferase 3 [EC:2.4.1.244]"
"NVE10197",416.817670963497,0.457304846351201,0.117654337489145,3.88685071974838,0.000101553162198534,0.00811046180570759,"K17398","DNMT3A; DNA (cytosine-5)-methyltransferase 3A [EC:2.1.1.37]"
"NVE10213",292.486223588434,0.273454813310153,0.0841523043147356,3.24952258333192,0.0011559889912524,0.0468356541821197,NA,NA
"NVE10214",797.952300081187,-0.320911323186299,0.090784587165187,-3.53486569920052,0.000407982459246958,0.0236349719003156,"K09705","uncharacterized protein"
"NVE10334",104.392221969234,-0.581361171676281,0.167770514362553,-3.46521660188724,0.0005298045847135,0.0281639989203544,"K10252","BCDO2; beta,beta-carotene 9',10'-dioxygenase [EC:1.13.11.71]"
"NVE10427",2158.81779864613,-0.202358228347612,0.0615156350377231,-3.2895414023365,0.00100350791806393,0.0422452888630515,"K06279","SHC1; SHC-transforming protein 1"
"NVE10471",243.26832804684,-0.528445203369403,0.128740887513098,-4.10471928209784,4.0480613517344e-05,0.00394777520869897,NA,NA
"NVE10634",469.674382366013,-0.481680019631666,0.146024079001156,-3.29863419051492,0.00097156430526674,0.0413983905603901,NA,NA
"NVE10696",793.733236779079,-0.366495465153944,0.105284087797188,-3.48101477461566,0.000499517936705078,0.0268535861430345,NA,NA
"NVE10856",492.438713212579,-0.391645143958054,0.104379504916913,-3.75212685928915,0.000175340694016075,0.0125565935378966,NA,NA
"NVE10976",493.868058860952,-0.354583250268759,0.102574295314896,-3.45684315139786,0.000546542861847597,0.0288227101083596,"K00476","ASPH; aspartate beta-hydroxylase [EC:1.14.11.16]"
"NVE11079",737.364429645354,-0.481815132903901,0.136630792749525,-3.5264022348694,0.000421246658575515,0.0238622420260036,NA,NA
"NVE11147",2285.95932544595,0.555254039994617,0.123210400259884,4.5065517101108,6.58896337142022e-06,0.000983630862685786,"K00036","G6PD; glucose-6-phosphate 1-dehydrogenase [EC:1.1.1.49 1.1.1.363]"
"NVE11158",292.090383358954,0.427013505973827,0.121496578002484,3.51461344010114,0.000440394532190182,0.0245707713626141,"K06631","PLK1; polo-like kinase 1 [EC:2.7.11.21]"
"NVE11163",45.417568304156,-0.867039377681218,0.227243959042721,-3.81545622305505,0.000135931554202935,0.0103859199701432,NA,NA
"NVE11264",185.314782415764,-0.661457525872689,0.19649193300283,-3.36633425995744,0.00076174342522233,0.0358814433332276,NA,NA
"NVE11272",1188.3018017987,-0.509964134280597,0.113455948879987,-4.49482058292098,6.96286303328663e-06,0.00101600212696988,NA,NA
"NVE11295",412.668369087786,-0.468197935358061,0.110681301407322,-4.23014483390494,2.33540899576044e-05,0.00251796013226238,"K09666","POMGNT1; beta-1,2-N-acetylglucosaminyltransferase [EC:2.4.1.-]"
"NVE113",67.8609571788169,-0.955106894402931,0.230244910788065,-4.148221522612,3.35068101368873e-05,0.00333470084270036,NA,NA
"NVE11335",894.974642407863,-0.202157472762556,0.0602566359404382,-3.354941237715,0.000793818448719395,0.0366800824626126,NA,NA
"NVE11348",44.4990291700597,0.760717015654741,0.183068907788853,4.15535890197221,3.24777323172748e-05,0.00324894510866676,NA,NA
"NVE11351",1070.68415803326,-0.400882447214485,0.116693568383709,-3.43534311930812,0.000591804003301592,0.0302954685389056,"K10356","MYO1; myosin I"
"NVE11360",1509.27491983073,0.488729560251933,0.149969440223862,3.25886100209747,0.00111860458769954,0.0457026510178632,NA,NA
"NVE114",4681.36477311813,-0.579234908307453,0.145930899231503,-3.96924099938945,7.21019300210088e-05,0.00631247012725947,NA,NA
"NVE11402",99.4132774835629,-0.538774816543495,0.152522293657229,-3.53243321762726,0.000411754210702374,0.0237119108816053,NA,NA
"NVE11419",5152.30323533301,-0.372632899747347,0.107087141780031,-3.4797165518973,0.000501944529960267,0.0269094958368478,NA,NA
"NVE11506",284.986019921856,-0.618844763777156,0.162838657690692,-3.80035534898989,0.000144488741788155,0.0108907456021704,"K04612","CASR; calcium-sensing receptor"
"NVE11514",1429.37222291163,-0.611309698712574,0.105081224108186,-5.81749693059537,5.97353586652781e-09,3.31224030176301e-06,"K01077","E3.1.3.1; alkaline phosphatase [EC:3.1.3.1]"
"NVE11517",974.943355322549,-0.530960626230535,0.14854115700111,-3.57450175392513,0.000350895460753624,0.0213474238459109,"K01077","E3.1.3.1; alkaline phosphatase [EC:3.1.3.1]"
"NVE11519",874.819434682288,0.610680978207676,0.181639095509625,3.36205692113963,0.000773641740903574,0.0362426477710497,NA,NA
"NVE11541",41.5562308480199,-0.850757514987113,0.247150023669684,-3.44227163062768,0.000576850696424563,0.0297737804933816,NA,NA
"NVE11627",822.556298430304,0.496356512910446,0.154116656058998,3.22065457169299,0.00127898201563389,0.0495433213121894,NA,NA
"NVE11673",1363.00519424824,-0.484691794051217,0.112575713538331,-4.30547387901907,1.66628652432598e-05,0.00199614954182681,NA,NA
"NVE11688",1771.46486070291,0.32758492637902,0.0960939347434331,3.40900731407927,0.000651997316076724,0.0322488262682262,"K14411","MSI; RNA-binding protein Musashi"
"NVE11757",654.417037100931,0.38992463094667,0.116140673706523,3.35734776200779,0.000786940661635502,0.0365362617711966,NA,NA
"NVE1182",271.144165863482,-0.439928153297535,0.109073248738017,-4.03332768013721,5.49925110067043e-05,0.00508529167227927,NA,NA
"NVE11837",903.721246748684,-0.920557836520883,0.219626013889466,-4.19147905213171,2.77141780593405e-05,0.00287619814758086,NA,NA
"NVE11841",1649.08586789377,-0.44232121274656,0.115508735507629,-3.82933126921252,0.000128491946550186,0.00993483349282655,"K19363","LITAF; lipopolysaccharide-induced tumor necrosis factor-alpha factor"
"NVE11846",234.36782502021,-1.09300668121827,0.202441947490082,-5.3991116701336,6.69716796721598e-08,2.16619897899601e-05,"K01948","CPS1; carbamoyl-phosphate synthase (ammonia) [EC:6.3.4.16]"
"NVE11847",928.110140994587,-1.39487419415277,0.176397784730604,-7.90754938494853,2.62505012113273e-15,4.24536230840191e-12,"K01948","CPS1; carbamoyl-phosphate synthase (ammonia) [EC:6.3.4.16]"
"NVE11875",31.9729007921195,0.738704828624965,0.206346580646387,3.5799227993551,0.000343695732984743,0.0211079211709965,"K09664","B3GNT7; beta-1,3-N-acetylglucosaminyltransferase 7 [EC:2.4.1.-]"
"NVE11883",350.790052379139,-0.749148773304603,0.186059264686839,-4.02639865617826,5.66376334190903e-05,0.00516140740581187,"K16866","TIMP3; metalloproteinase inhibitor 3"
"NVE1217",526.924083826223,-0.747164830822764,0.154994465831723,-4.820590379233,1.43133991001232e-06,0.000298688318640958,"K19914","SYT15; synaptotagmin-15"
"NVE12251",688.301535546719,-0.564326758963102,0.133906391607118,-4.21433773392117,2.50512182498752e-05,0.00262794050040718,NA,NA
"NVE12259",1043.537857614,-0.446299044173072,0.08158788899078,-5.47016290890314,4.49622102772038e-08,1.58026880752878e-05,NA,NA
"NVE1227",399.223117448759,-0.346219290504399,0.0890195880645483,-3.88924840062565,0.000100555155623355,0.00809740209619277,"K13811","PAPSS; 3'-phosphoadenosine 5'-phosphosulfate synthase [EC:2.7.7.4 2.7.1.25]"
"NVE123",158.446897761308,-1.39265522838548,0.226849147732314,-6.13912479860336,8.29773616436521e-10,5.36780552472785e-07,NA,NA
"NVE1233",148.64867042752,0.555232216752796,0.158148472378109,3.51082883320757,0.000446711932777671,0.0247521905699679,NA,NA
"NVE12368",670.133509252382,-0.596802079041507,0.116496281408596,-5.12292814693629,3.00827008350667e-07,7.88939155548837e-05,NA,NA
"NVE12374",2423.41965724186,-0.983381244046068,0.211106908058784,-4.65821442362389,3.18963889805992e-06,0.000573160389765267,"K13912","DMBT1; deleted in malignant brain tumors 1 protein"
"NVE1241",361.708244160336,0.745435549357265,0.163560338119565,4.55755691096908,5.17520701729754e-06,0.000808079230485405,NA,NA
"NVE12495",836.019660246989,0.632631002038126,0.185947681665523,3.40219892160895,0.0006684596361181,0.0325949652214672,"K12373","HEXA_B; hexosaminidase [EC:3.2.1.52]"
"NVE12755",1278.54276632101,-0.964559206169336,0.119850330997765,-8.0480312247725,8.4136485548847e-16,1.63283677504647e-12,"K08465","GPR133; G protein-coupled receptor 133"
"NVE12757",1277.70702726579,-0.723805050241691,0.192029266499804,-3.76924342541521,0.000163743133669255,0.0118948785726968,"K06756","NRCAM; neuronal cell adhesion molecule"
"NVE12764",100.068655320673,-0.62472151806842,0.179757197494342,-3.4753630273307,0.000510162448474616,0.0271997874657881,NA,NA
"NVE1282",781.96355553126,-0.315160559975954,0.0756449989241738,-4.16631058838231,3.09568874530159e-05,0.00312906413958687,"K08889","FER; tyrosine-protein kinase Fer [EC:2.7.10.2]"
"NVE12857",56106.1740190807,0.381696978814352,0.114741487075522,3.32658211552656,0.000879181114138671,0.0388662138544173,NA,NA
"NVE12944",530.851320773013,-0.743976009365153,0.181699490537008,-4.09454097623692,4.23005600772735e-05,0.00410463484709824,"K07375","TUBB; tubulin beta"
"NVE13022",1059.44625751577,-0.832726745717457,0.150606518827424,-5.52915472849921,3.21777443272567e-08,1.25823491763315e-05,NA,NA
"NVE13061",223.50286859359,-0.392811374192968,0.119870650236517,-3.2769604020493,0.00104931084251805,0.0435127682067262,NA,NA
"NVE13086",181.685277557027,0.734694107836496,0.220801084185851,3.3274026282321,0.000876596182133356,0.0388404157686348,NA,NA
"NVE13129",889.956850065967,-0.494502543072761,0.116574343632745,-4.24195005232574,2.21586013036153e-05,0.00244336349715489,"K00966","GMPP; mannose-1-phosphate guanylyltransferase [EC:2.7.7.13]"
"NVE13231",69.664493467289,0.806860897299565,0.155794197441168,5.17901764347966,2.23057375026388e-07,6.18410639591015e-05,"K15015","SLC32A; solute carrier family 32 (vesicular inhibitory amino acid transporter)"
"NVE133",149.763006485595,0.710955822200129,0.187387305560987,3.7940447463702,0.00014821294626381,0.0111056704561458,NA,NA
"NVE1353",58.4563909834895,-0.872509354034891,0.185003179137143,-4.71618573315489,2.40307081603495e-06,0.000466363953267904,NA,NA
"NVE13548",177.047514532954,-0.977990084507636,0.227290051069744,-4.30282839000084,1.68631463180438e-05,0.00200774896070108,NA,NA
"NVE1356",367.58001391641,-1.06507902230293,0.124841227784411,-8.53146865987428,1.44501362701396e-17,4.67389657657666e-14,NA,NA
"NVE1360",355.016019738559,-0.899936457153476,0.192130280632648,-4.6839907493507,2.81342710770895e-06,0.000522299419686817,"K13297","PTPRT; receptor-type tyrosine-protein phosphatase T [EC:3.1.3.48]"
"NVE13631",94.6384450713141,-0.935994338984473,0.201504444403124,-4.64503074240858,3.40025817396234e-06,0.000601964330967304,NA,NA
"NVE1364",518.505220440527,-0.728342318858492,0.206345546240702,-3.52972153810814,0.000415997258823833,0.0237355713053031,NA,NA
"NVE1366",2155.87536461859,-0.8891822055506,0.113733433018117,-7.81812508384373,5.36159010324734e-15,8.00402916413239e-12,NA,NA
"NVE1369",187.7037657463,-0.323456454558521,0.100120159087233,-3.23068258687741,0.00123494999390733,0.0488363834939054,"K20726","TMEM222; transmembrane protein 222"
"NVE13738",800.906657026718,0.557578825465832,0.0996293737634051,5.59653046490026,2.18683909085928e-08,9.6454514173423e-06,NA,NA
"NVE13831",71.6631806369132,0.977828545070227,0.213606861447775,4.57770194479122,4.70111873642438e-06,0.000762667536760968,NA,NA
"NVE1384",905.782941725961,-1.25890121520023,0.202136128078952,-6.22798718450035,4.72465703968426e-10,3.27469354175545e-07,NA,NA
"NVE1389",3303.89890594211,0.306942931397948,0.0844872564264458,3.63300862616092,0.000280135649318323,0.0180019620739096,NA,NA
"NVE13945",2496.78371197089,0.350983808452976,0.0999204744728565,3.51263152326524,0.000443692342766846,0.024672599702224,NA,NA
"NVE1399",518.082237471034,-0.43457349555017,0.0980737679188105,-4.43108799398762,9.3758816338451e-06,0.00130213671537026,NA,NA
"NVE14040",128.448931115282,0.545152618857238,0.156832837375075,3.4760106874396,0.00050893200419003,0.0271997874657881,NA,NA
"NVE14076",441.911770011124,-0.597010584280107,0.15653079463446,-3.81401363018876,0.000136727922048221,0.010405799149764,"K19360","NPHP3; nephrocystin-3"
"NVE14180",319.06185683786,-0.362168636306009,0.0715708981074826,-5.06027793254902,4.18645784925324e-07,0.000105515048675919,"K07911","RAB20; Ras-related protein Rab-20"
"NVE14200",868.105486708393,-0.462346793076028,0.104351114171124,-4.4306838192243,9.39347349677108e-06,0.00130213671537026,NA,NA
"NVE14201",36970.1094447722,0.634462524260262,0.138424321788158,4.58346131708872,4.57341522301825e-06,0.000758600591736028,"K05692","ACTB_G1; actin beta/gamma 1"
"NVE14212",1042.78432589804,-0.373599985020069,0.0855869982703232,-4.3651488259942,1.27036237355149e-05,0.00163271010486846,NA,NA
"NVE14260",862.527871506053,0.842496121375157,0.21373136143895,3.94184604310307,8.08568734529092e-05,0.00676374716853711,NA,NA
"NVE14301",676.806922187773,-1.21010065025507,0.122020623592061,-9.91718133076156,3.50514857529633e-23,2.2674806133592e-19,"K00698","CHS1; chitin synthase [EC:2.4.1.16]"
"NVE14348",810.276019567362,-0.280973787019649,0.0850290350007198,-3.30444520530276,0.000951645766682564,0.0408597110486914,NA,NA
"NVE14392",2739.447858908,0.670035141584456,0.199934803559177,3.35126816170421,0.000804423639547778,0.0369730874605227,NA,NA
"NVE14489",468.155731694665,0.828325269017445,0.193451100417499,4.28183281061614,1.85360232376045e-05,0.00215406349085144,NA,NA
"NVE14513",87.9667335305372,-0.747330453770564,0.132788476405242,-5.62797671907817,1.82335691111943e-08,8.42521132716542e-06,NA,NA
"NVE14522",5468.32783703672,0.83770694382587,0.214465474691747,3.90602237973228,9.3827825850294e-05,0.00765091015242292,NA,NA
"NVE14551",88.5097426150175,0.688610470442538,0.202549763701466,3.3997100656087,0.000674573409069957,0.0327286153745516,NA,NA
"NVE14560",406.278272510384,0.44129646187904,0.103239285437866,4.27450131999055,1.91565570477983e-05,0.00219483634955095,NA,NA
"NVE14569",347.449309886779,-0.668151575799524,0.172672098179728,-3.86948199994691,0.00010906683286166,0.00863942867488256,NA,NA
"NVE14592",753.480731975647,0.484785977239613,0.0990186932255362,4.89590360615454,9.78550274084099e-07,0.000226080061537501,"K01307","GGH; gamma-glutamyl hydrolase [EC:3.4.19.9]"
"NVE14604",593.720749833614,0.257530176929748,0.0777897951981683,3.31059075645711,0.000930992563989061,0.0403298497529815,NA,NA
"NVE14677",774.479873901537,-0.534883876694117,0.144934120076323,-3.69053109379934,0.000223786330562603,0.0152923285817902,"K09057","HLF; hepatic leukemia factor"
"NVE14679",265.696435016444,-0.572769170162178,0.160944945320807,-3.55878942964312,0.00037256807596857,0.022155832315459,NA,NA
"NVE14735",800.405291630267,-0.311012793911736,0.0964060799886981,-3.22607032614744,0.00125502515208954,0.0490953381009803,NA,NA
"NVE14803",325.170924747688,0.533571611191547,0.14526014508226,3.67321408697057,0.000239518647403071,0.0159736714438192,NA,NA
"NVE14826",77.3608638791385,0.522309057715275,0.146787685353523,3.55826210119294,0.00037331669846731,0.022155832315459,NA,NA
"NVE14848",1198.72866780861,-0.316696737106009,0.0865381995790037,-3.65961781787343,0.000252591689018909,0.0166171081653897,"K00966","GMPP; mannose-1-phosphate guanylyltransferase [EC:2.7.7.13]"
"NVE14858",116.791756757095,0.672806871603236,0.208426570394027,3.22802831870862,0.00124646633910667,0.0489679600061603,NA,NA
"NVE15261",253.316301978388,-0.32939331563447,0.101694274801984,-3.23905466926094,0.00119926584110413,0.0477908668959095,"K04397","CASP7; caspase 7 [EC:3.4.22.60]"
"NVE15371",210.936471520733,-1.12325333420866,0.196325389966018,-5.72138598274568,1.05658553151934e-08,5.25773215646047e-06,NA,NA
"NVE15378",376.646208746103,0.354905267966771,0.0990179397291928,3.58425219649502,0.000338045334625644,0.0208964574699868,"K07427","CYP4V; cytochrome P450 family 4 subfamily V"
"NVE15379",47.5055576160835,0.9312719363909,0.21072887776054,4.41928959280627,9.90258793078829e-06,0.0013439127550546,NA,NA
"NVE15380",36.2885795228296,1.11521542737228,0.229790681849607,4.85317950404169,1.2149762354685e-06,0.000261989375574857,"K07427","CYP4V; cytochrome P450 family 4 subfamily V"
"NVE15531",2794.85795137707,-0.515357978076699,0.130358533922048,-3.95338887736243,7.70520563818128e-05,0.00655854937807825,NA,NA
"NVE15538",2583.84607504979,-0.374016171018518,0.105906158693533,-3.53158093573038,0.000413083426758262,0.0237180771097562,NA,NA
"NVE15673",760.25156426812,0.302023496839634,0.0932171469221773,3.23999936505008,0.00119529965754432,0.0477308239793469,"K17414","MRPS36; small subunit ribosomal protein S36"
"NVE15678",1353.11231790527,0.4686693904087,0.105751577281469,4.43179574675551,9.34515221006509e-06,0.00130213671537026,"K22390","ACP7; acid phosphatase type 7"
"NVE15726",429.909036716124,1.62090256089727,0.217306893885535,7.4590480399166,8.71498307596908e-14,1.05707297847082e-10,NA,NA
"NVE15731",807.46644272424,-0.696306738304885,0.106327065296491,-6.54872525977506,5.8030275981586e-11,4.692473191561e-08,"K19911","SYT11; synaptotagmin-11"
"NVE15847",135.05863070579,0.423058646020091,0.12539972156847,3.37368090398109,0.000741702924140356,0.0352057546846149,NA,NA
"NVE15848",770.942392168583,-0.319584927521043,0.0620125752361678,-5.15355032917017,2.55600433187812e-07,6.98653184067025e-05,NA,NA
"NVE15860",4535.05198187173,-0.464461965308395,0.136682428956294,-3.39811026812315,0.00067853064957481,0.0328385145044846,NA,NA
"NVE15885",151.90531823016,0.347564593696961,0.102877275129215,3.3784389532131,0.000728986159508003,0.0348458975309651,NA,NA
"NVE1591",130.50947978311,0.743820134809751,0.182462886834613,4.07655577368981,4.57076958218761e-05,0.00436970075278399,"K20795","PRDM6; histone-lysine N-methyltransferase PRDM6 [EC:2.1.1.43]"
"NVE15926",75.6294305760599,-0.744987445006435,0.15854052189211,-4.69903489729531,2.61393790426124e-06,0.000492511581631047,"K05941","E2.3.2.15; glutathione gamma-glutamylcysteinyltransferase [EC:2.3.2.15]"
"NVE15963",661.508028604857,-0.604011389666669,0.174887284357845,-3.4537181584384,0.000552914892518829,0.0290011332948998,"K05857","PLCD; phosphatidylinositol phospholipase C, delta [EC:3.1.4.11]"
"NVE15976",349.459927466756,-0.762704291836114,0.136525555971527,-5.58653130110804,2.31649811745997e-08,9.99028421456569e-06,NA,NA
"NVE16000",30.591311205947,-0.959534225815062,0.224718089837937,-4.26994652058079,1.95519843658716e-05,0.00219731557187567,"K11977","RNF217; E3 ubiquitin-protein ligase RNF217 [EC:2.3.2.31]"
"NVE16014",269.948623491308,-1.32804359199996,0.181756102481673,-7.30673454077765,2.73712540069604e-13,3.1246701559593e-10,NA,NA
"NVE1609",328.256633754156,0.367491122843026,0.102926004492513,3.57043999380893,0.000356382091422224,0.0215881706498221,"K01201","GBA; glucosylceramidase [EC:3.2.1.45]"
"NVE16092",112.617998441015,-0.530236905255712,0.160298609617171,-3.30780726371886,0.000940294984295565,0.0406421041430379,NA,NA
"NVE16097",2981.69086932911,-0.753979160126057,0.144038617049248,-5.23456261641463,1.65376002453722e-07,5.09436838034821e-05,NA,NA
"NVE16124",416.146195071755,-0.614352751483813,0.168652262462197,-3.64271870720691,0.000269773594194371,0.0175315626835923,NA,NA
"NVE16125",180.026855241569,-0.619025270051154,0.139455566057464,-4.43887101498753,9.04319889871292e-06,0.00129045118402442,NA,NA
"NVE16211",12589.9945376713,0.458636943568412,0.0797345101431221,5.75205068351416,8.81673561345102e-09,4.58598243973108e-06,NA,NA
"NVE16272",39.8574289782953,0.87113095854999,0.216357322190267,4.02635302439132,5.66486204687962e-05,0.00516140740581187,NA,NA
"NVE16336",519.762462931331,0.47437839277615,0.135299453236538,3.5061368056441,0.000454661466364852,0.024925466321307,"K21554","CREBRF; CREB3 regulatory factor"
"NVE16354",1462.65230786818,-0.774561868933317,0.204228975977854,-3.79261495693592,0.000149069204363278,0.0111268694195313,"K09442","SPDEF; SAM pointed domain-containing ETS transcription factor"
"NVE1639",758.901025418695,0.645782501012105,0.141198230325358,4.57358778168856,4.79442672668821e-06,0.000762667536760968,"K04488","iscU; nitrogen fixation protein NifU and related proteins"
"NVE164",198.957968433958,1.16167241651042,0.143497386170258,8.09542562072946,5.70644729099876e-16,1.23050025084903e-12,NA,NA
"NVE16441",40.9740782720102,-0.966522989564218,0.224918497915482,-4.2972143177277,1.72957952869159e-05,0.00204670426300718,"K04967",NA
"NVE16447",1876.68274819633,0.584350099681255,0.180197221278444,3.24283635194522,0.00118346165650185,0.0473555471499616,NA,NA
"NVE16455",512.090337299699,-0.42151570816072,0.129109179414471,-3.26480045859138,0.00109541215918249,0.0450395418924884,NA,NA
"NVE16463",353.567766662363,0.323345602796173,0.0706790628930279,4.57484281144974,4.76577662450999e-06,0.000762667536760968,NA,NA
"NVE16532",2008.53858198245,0.295926568317049,0.09023972957134,3.27933793377673,0.00104050955430584,0.0433329805159088,"K14213","PEPD; Xaa-Pro dipeptidase [EC:3.4.13.9]"
"NVE16556",126.256486349289,0.465038252737045,0.138664865149553,3.35368481580025,0.000797431398639037,0.0367595039272869,NA,NA
"NVE16589",99.8783358345939,1.21599658711515,0.23700747836477,5.13062539420655,2.88781108252108e-07,7.68823432068249e-05,NA,NA
"NVE16653",2398.84594911936,0.453724398617022,0.121381483446257,3.73800340657325,0.000185487434162403,0.0130917350075369,NA,NA
"NVE1679",3481.47269804857,-0.558669236326686,0.132003581542961,-4.23222786682395,2.31387800843817e-05,0.00250868326870165,"K10277","KDM8; lysine-specific demethylase 8 [EC:1.14.11.27]"
"NVE17152",108.324384557291,-0.716359698468936,0.156584071227154,-4.5749206343583,4.76400547569444e-06,0.000762667536760968,NA,NA
"NVE17217",5099.62638430466,-0.866236754858971,0.187764932115073,-4.61341074236425,3.96114412926763e-06,0.000680300213422096,NA,NA
"NVE17218",1227.98178875218,0.703501018621924,0.20017143666061,3.51449252879523,0.000440595065398553,0.0245707713626141,NA,NA
"NVE17219",3360.4231209451,0.719902616354402,0.183495776310968,3.92326532428949,8.73568548325215e-05,0.00721418928397763,NA,NA
"NVE17248",38.5302819806669,-0.915640726546393,0.204468201224542,-4.47815709759611,7.52901881024056e-06,0.00109041543321148,NA,NA
"NVE17349",78.4864666562423,-0.658726394962764,0.176634087586424,-3.72932769639078,0.000191991337247791,0.0134511764691981,NA,NA
"NVE17357",741.081022496535,0.534716457488216,0.165372274572952,3.23341055124893,0.00122321635281979,0.0486454093425692,NA,NA
"NVE17404",213.155907367599,-0.438913663972035,0.123250255853614,-3.56115823802701,0.000369222473311453,0.0221157424060351,"K10478","BTBD3_6; BTB/POZ domain-containing protein 3/6"
"NVE17406",245.629767760115,0.634840837324436,0.177549622908057,3.57556849136867,0.000349467665758058,0.0213274182055555,NA,NA
"NVE1747",484.837466768669,0.450941350218578,0.125762394662428,3.58566128952138,0.000336225121245702,0.0208964574699868,"K11547","NDC80; kinetochore protein NDC80"
"NVE17569",887.509423368977,-1.3767090247613,0.177145027537305,-7.7716492746113,7.74707093112555e-15,1.07391003971681e-11,"K01948","CPS1; carbamoyl-phosphate synthase (ammonia) [EC:6.3.4.16]"
"NVE17762",432.403065962389,0.499262916850124,0.133289081848022,3.74571502727727,0.000179880694887781,0.0128343553150263,NA,NA
"NVE17787",58.4568073239664,1.41128939355596,0.212168030317113,6.6517532893462,2.89621894737946e-11,2.55486005053605e-08,"K12302","SLC17A6_7_8; MFS transporter, ACS family, solute carrier family 17 (sodium-dependent inorganic phosphate cotransporter), member 6/7/8"
"NVE17825",40911.409915819,-0.963417522114844,0.211489905127882,-4.55538301713405,5.22902102413575e-06,0.000808079230485405,NA,NA
"NVE17842",1328.83649613835,-0.910520965152626,0.205987054830508,-4.42028245853522,9.8571972929578e-06,0.0013439127550546,NA,NA
"NVE17917",107.002417779284,-0.559463429513632,0.132009528419505,-4.2380533906291,2.25466158613027e-05,0.0024721026780808,NA,NA
"NVE17949",775.61689283425,-0.247541072745972,0.075139850845433,-3.29440463297137,0.000986304064508827,0.0417631501592676,"K10356","MYO1; myosin I"
"NVE18006",439.169588248886,0.727723304827997,0.18042544346795,4.03337406765065,5.49816515682237e-05,0.00508529167227927,NA,NA
"NVE18041",807.190197138327,-0.480754171826181,0.0852531393677464,-5.63913746040962,1.70904068135579e-08,8.08959817148095e-06,NA,NA
"NVE18048",330.152661962702,0.412935543386797,0.121204469406949,3.40693330375754,0.000656971787418569,0.0322749215516447,NA,NA
"NVE18056",490.521772306254,0.46461532223746,0.144383196870884,3.21793208840601,0.00129118385224953,0.0499163446625629,NA,NA
"NVE18058",103.537461275766,0.709822439559234,0.155108316162208,4.57630162664472,4.73268053931925e-06,0.000762667536760968,"K01053","E3.1.1.17; gluconolactonase [EC:3.1.1.17]"
"NVE18059",60.7017742706822,0.700037666412963,0.183155621119202,3.82209217568793,0.000132324206152938,0.0101502603510279,"K01053","E3.1.1.17; gluconolactonase [EC:3.1.1.17]"
"NVE18081",472.104260805777,0.371633831866426,0.106606577711676,3.48603097335638,0.00049024423873951,0.0264282498367158,"K08360","CYB561; cytochrome b-561 [EC:1.16.5.1]"
"NVE18112",73.8549118243667,0.866974358430593,0.160042301400582,5.4171575317489,6.05539853305233e-08,2.02615722984391e-05,NA,NA
"NVE18114",902.738959422309,-0.595999873250454,0.174390318672886,-3.4176201854898,0.000631711960429663,0.0313545627009168,"K02270","COX7A; cytochrome c oxidase subunit 7a"
"NVE1812",86.0652349212044,1.18592698631449,0.220234589687473,5.38483527041504,7.25110257205555e-08,2.30692045271938e-05,NA,NA
"NVE18197",207.753122993776,-0.391758924935964,0.116148493879156,-3.37291437755156,0.000743770774498486,0.0352057546846149,NA,NA
"NVE18284",1800.99800833329,-0.488364820912585,0.125279128537463,-3.89821374568826,9.69048638093444e-05,0.00786875603325501,"K11251","H2A; histone H2A"
"NVE18303",549.92066394491,-0.344050804645768,0.10406718340753,-3.30604512758315,0.000946228468325761,0.0407171970838094,NA,NA
"NVE18344",226.067164676654,-0.493262909634315,0.111808515958853,-4.41167567071405,1.02573682834007e-05,0.00138239407136082,NA,NA
"NVE18345",479.344261600075,-0.404590230187816,0.117484356616828,-3.44377959618382,0.000573643126248348,0.0296871790696045,NA,NA
"NVE18484",2077.22209978495,-0.167358535636998,0.0377358528496832,-4.43500074858924,9.20719689332803e-06,0.00130213671537026,"K09355",NA
"NVE1852",293.013900670114,-0.742894788631732,0.170754229242876,-4.35066699036226,1.35724045766784e-05,0.00169632187701619,"K04984","TRPA1; transient receptor potential cation channel subfamily A member 1"
"NVE18559",469.273085366829,-0.680514598736603,0.160187433898964,-4.24823959141406,2.15456901259283e-05,0.0023893554758508,NA,NA
"NVE18588",60.3691920675735,0.866626038410278,0.23458207314565,3.69434043611763,0.000220458278454092,0.0151181406712316,"K05673","ABCC4; ATP-binding cassette, subfamily C (CFTR/MRP), member 4"
"NVE18608",138.658971494955,0.729862628386504,0.221573854319641,3.29399256346197,0.000987751116767343,0.0417631501592676,NA,NA
"NVE18687",1875.58253468875,0.709191557013682,0.162925603535503,4.35285517821722,1.34375921669594e-05,0.00169632187701619,"K05996","cpt; carboxypeptidase T [EC:3.4.17.18]"
"NVE18710",201.250956184135,0.662958456955974,0.201717897772043,3.28656239371068,0.00101418303466077,0.0424186425725463,NA,NA
"NVE18719",150.850972449632,-0.484162138310672,0.126340432517659,-3.83220263428336,0.000127001063708237,0.00985883857354299,"K14938","NVD; cholesterol 7-desaturase [EC:1.14.19.21]"
"NVE18916",272.496964201547,-0.765013629027378,0.156459298671193,-4.88953763390625,1.01073098956858e-06,0.000230767721347735,NA,NA
"NVE19003",134.111223463207,0.574057165895161,0.143150603490772,4.01016238769937,6.06770030473216e-05,0.00547701673553196,"K14613","SLC46A1; MFS transporter, PCFT/HCP family, solute carrier family 46 (folate transporter), member 1"
"NVE19025",994.714328104902,-0.275493478232345,0.0580527446103967,-4.7455719808122,2.07917957110697e-06,0.000415985958107969,"K08833","MAP4K5; mitogen-activated protein kinase kinase kinase kinase 5 [EC:2.7.11.1]"
"NVE19053",1815.28732652136,-0.190802187953692,0.0523836115330228,-3.64240231572063,0.000270105489895094,0.0175315626835923,"K19863","ICA1; islet cell auto antigen 1"
"NVE19183",4729.15443975404,0.471269934603823,0.139699185087632,3.37346230264836,0.000742292097776282,0.0352057546846149,"K05768","GSN; gelsolin"
"NVE19280",155.086755628888,0.598983470631384,0.165244581186976,3.62482973014182,0.000289151893180625,0.0184591144439355,NA,NA
"NVE19298",220.737382164264,-0.434949642280448,0.130637035802975,-3.32945125099466,0.000870172956113459,0.0386440424697801,NA,NA
"NVE19299",353.727407572304,-0.495340172031837,0.129081810052592,-3.83741265969248,0.000124337435142383,0.00969082973416955,NA,NA
"NVE19335",314.048985485915,0.503694239509639,0.126598245003385,3.97868263889576,6.9298167588131e-05,0.00614095679626876,NA,NA
"NVE19397",987.018794905521,0.270537664920278,0.0632438802887007,4.2776892196574,1.88843417104355e-05,0.00218147868794299,NA,NA
"NVE19508",297.095228884411,-0.85269797679975,0.151075238048747,-5.64419416320637,1.65956702564248e-08,8.05180431666091e-06,NA,NA
"NVE19544",355.581307127413,-0.572945187813872,0.115795873940695,-4.9478894913588,7.50224789771291e-07,0.000180272796487696,NA,NA
"NVE19626",100.563445225107,-0.560948543890636,0.170403077130531,-3.29189210275201,0.000995157837814719,0.0419848438227614,NA,NA
"NVE19737",1293.26243743847,0.591966768556687,0.139798002714566,4.23444367631877,2.29118199036811e-05,0.00249803195994797,"K17261","CAP1_2; adenylyl cyclase-associated protein"
"NVE19765",555.311409886122,-0.278390987618901,0.0839845015302767,-3.31479002132959,0.000917119877199584,0.0401385580447642,"K11730","ACAD11; acyl-CoA dehydrogenase family member 11"
"NVE19857",35.3331914841475,0.774756670494386,0.233831987971015,3.31330489560916,0.000922004094239202,0.0401385580447642,NA,NA
"NVE19935",45.9172636694592,0.551904161616303,0.167173861904381,3.30137830955881,0.000962110602456458,0.04112704947549,NA,NA
"NVE19981",593.033210518421,-0.510402645569156,0.154747228767038,-3.29829910128817,0.000972724588835878,0.0413983905603901,NA,NA
"NVE20016",638.947627085657,0.761199501131553,0.176172619769933,4.3207593899984,1.55493152302456e-05,0.00187432025262967,NA,NA
"NVE20025",104.833735352523,0.759989336417335,0.20124747151494,3.7763919749964,0.000159116521507919,0.0116527333317139,NA,NA
"NVE20093",438.97681294225,0.368507841516835,0.110482516179052,3.33544034170637,0.000851644251399769,0.0382088929560466,NA,NA
"NVE20177",55.0392763765209,0.633129717258807,0.180454618055312,3.50852598887075,0.000450597207478729,0.0248430113793741,"K16353","SDK; protein sidekick"
"NVE20229",455.956718526786,-0.284009764760044,0.0853945796459518,-3.32585236601147,0.000881486042622679,0.0388795446117689,NA,NA
"NVE20303",11845.3041769405,0.682592604068637,0.14986961051601,4.55457648630986,5.24912236070485e-06,0.000808079230485405,"K05692","ACTB_G1; actin beta/gamma 1"
"NVE20305",28798.2316455057,0.363689914588015,0.105939800985217,3.43298657544926,0.000596971655180912,0.0304079499005143,"K05692","ACTB_G1; actin beta/gamma 1"
"NVE20338",540.66932970668,-0.459507599508427,0.13401182067037,-3.42885871716258,0.000606124961577986,0.0306428971222663,NA,NA
"NVE20339",833.144826987987,-0.370637480406605,0.0686321533816844,-5.40034753602114,6.65119180093097e-08,2.16619897899601e-05,NA,NA
"NVE2035",442.202622765657,0.619712153891387,0.136792587023516,4.53030509456518,5.889856919891e-06,0.000893003540971286,NA,NA
"NVE20361",1204.89356896215,-0.398465583569772,0.102959182072426,-3.87013159534887,0.000108776620900352,0.00863942867488256,NA,NA
"NVE20403",293.964373341836,-0.326100600798239,0.0916884226749807,-3.55661697828752,0.00037566124568051,0.0222270054723221,"K10450","KLHL12; kelch-like protein 12"
"NVE20431",242.107187377038,-0.399419244045946,0.0986585992158236,-4.04849903830668,5.15471459616179e-05,0.00485619156153941,"K04425",NA
"NVE20438",38.9565664766757,0.682674532690551,0.202929076649238,3.36410407006655,0.000767925801981815,0.0360850751551116,NA,NA
"NVE20522",918.046789199396,0.641499961906972,0.197520042398661,3.24777148747373,0.00116312642407661,0.0469288867194486,NA,NA
"NVE2058",324.758230036413,0.897215702668246,0.161688584964802,5.54903552940093,2.87249804817689e-08,1.18609722597806e-05,"K01206","FUCA; alpha-L-fucosidase [EC:3.2.1.51]"
"NVE20592",316.208253170611,0.446100972323113,0.106690453737348,4.18126417778041,2.89892811764167e-05,0.00296102620942483,NA,NA
"NVE20614",229.579128594893,-0.597275242391155,0.121615321574947,-4.91118417199658,9.05280081751409e-07,0.000211671934295778,NA,NA
"NVE20687",111.739966281611,-0.885983493013125,0.234397357536891,-3.77983567017679,0.000156931897942492,0.0115801419899998,NA,NA
"NVE2080",428.650778235738,-0.557245170191144,0.111870859301183,-4.98114677648903,6.32085735906638e-07,0.000155277061730888,"K02223","CLOCK; circadian locomoter output cycles kaput protein [EC:2.3.1.48]"
"NVE20844",24388.2507735547,0.585125359943498,0.17566994503918,3.3308222406115,0.00086589877654228,0.0385424255879725,NA,NA
"NVE20855",448.161590736948,0.416540342099927,0.108978222366206,3.82223469107617,0.000132247732424428,0.0101502603510279,NA,NA
"NVE20857",824.776831659092,-0.508984661347168,0.0982655183146645,-5.17968734177236,2.22258103382308e-07,6.18410639591015e-05,"K15293","UNC13A_B_C; protein unc-13 A/B/C"
"NVE20859",149.636645084916,-0.513419323010937,0.145674340057769,-3.52443211898083,0.000424391536289208,0.023942344606874,NA,NA
"NVE20916",770.699318683624,0.365309745118444,0.0623096785686987,5.86280901314033,4.55101582430696e-09,2.63505912811186e-06,"K10249","ELOVL4; elongation of very long chain fatty acids protein 4 [EC:2.3.1.199]"
"NVE20926",214.880195236235,0.383069719127255,0.104138878641131,3.67845058565818,0.000234655141171194,0.0157334768885828,NA,NA
"NVE21019",539.530092884311,0.582583662272811,0.15424959601874,3.77688938778181,0.000158799212248381,0.0116527333317139,NA,NA
"NVE21107",15408.0997442041,0.420200105424838,0.122709037198816,3.42436152232229,0.000616245818693732,0.0308880903570667,"K19721","COL5AS; collagen, type V/XI/XXIV/XXVII, alpha"
"NVE21118",10115.7621084364,-0.811491475809381,0.149613715768875,-5.42391098061479,5.83089289206386e-08,1.98526558519795e-05,NA,NA
"NVE21119",21195.2472791153,-0.568631044340896,0.122765920628536,-4.63183138634584,3.62445285810507e-06,0.000628033541225402,NA,NA
"NVE21129",79.7060341581298,-0.649609678383841,0.191244895879842,-3.39674256609695,0.000681930881343542,0.0328392868839557,NA,NA
"NVE21150",7279.04450204328,-0.567320224064247,0.162139246635979,-3.4989691628329,0.000467060594844116,0.0253900419163579,NA,NA
"NVE21227",288.324527478279,0.280568824318077,0.0762540793585749,3.67939429179571,0.000233788570158688,0.0157334768885828,"K21396","WHT; ATP-binding cassette, subfamily G (WHITE), eye pigment precursor transporter"
"NVE21246",494.668572312967,0.556431903415952,0.110082705283773,5.05467141256727,4.31132391131958e-07,0.00010726905531664,"K08202","SLC22A4_5; MFS transporter, OCT family, solute carrier family 22 (organic cation transporter), member 4/5"
"NVE21271",225.108614434815,-0.493589100415186,0.104428522818492,-4.72657361316022,2.28340037186429e-06,0.000452183173640514,"K00942","E2.7.4.8; guanylate kinase [EC:2.7.4.8]"
"NVE21289",61687.6671384484,0.399054504163394,0.117599762353506,3.39332747088241,0.000690490392041958,0.0331013769923509,NA,NA
"NVE21332",762.035252537823,0.518882801780121,0.118296121624204,4.3863044253342,1.15292733050732e-05,0.00151181491237538,NA,NA
"NVE21398",102.43072069737,0.487225140774368,0.137618590789223,3.54040204873629,0.000399517905691495,0.0232836156028674,NA,NA
"NVE21432",5212.77715862814,0.292872955801017,0.0826454296763828,3.54372839427212,0.000394511438587926,0.0230610948454093,"K00031","IDH1; isocitrate dehydrogenase [EC:1.1.1.42]"
"NVE21538",3324.6510888332,0.441595251051663,0.130140825659966,3.39321076850602,0.00069078464893606,0.0331013769923509,"K04978","TRPM3; transient receptor potential cation channel subfamily M member 3"
"NVE21562",1634.76178873012,-0.32929016239079,0.102073460707573,-3.22601154215946,0.00125528294674987,0.0490953381009803,NA,NA
"NVE21584",3193.32281017666,-0.854629192069653,0.216106283687755,-3.95467071797172,7.66401313348885e-05,0.00655222479654705,NA,NA
"NVE21586",140.064111098001,0.783343504478471,0.228531582620777,3.42772537386373,0.000608660848035236,0.0306812495527788,"K08606","MEP1B; meprin B [EC:3.4.24.63]"
"NVE21618",3670.52857105493,-0.279577905873745,0.0602228742079125,-4.64238729138923,3.4440651792962e-06,0.000602152909320734,NA,NA
"NVE21646",597.198395860479,-0.348947357213324,0.105191259083537,-3.31726571440893,0.000909031189884395,0.0400035562405589,NA,NA
"NVE21678",155.046658425519,0.812722145434357,0.231527846395901,3.51025657641476,0.000447674493227121,0.0247521905699679,NA,NA
"NVE21728",275.594853650508,-0.445359918136254,0.110402544839207,-4.0339642422635,5.48436673705168e-05,0.00508529167227927,NA,NA
"NVE21843",3260.77870608435,0.545837783106472,0.121416388193647,4.49558573786528,6.9378695024922e-06,0.00101600212696988,"K00297","metF; methylenetetrahydrofolate reductase (NADPH) [EC:1.5.1.20]"
"NVE21874",522.811173815748,0.372385020742982,0.111647602741365,3.33536064903805,0.000851888379548545,0.0382088929560466,"K00031","IDH1; isocitrate dehydrogenase [EC:1.1.1.42]"
"NVE21890",319.477208662607,0.636067124773567,0.177039808289657,3.59279153608712,0.00032715430919484,0.0204778974524694,NA,NA
"NVE21905",646.109300007199,-0.821766478270816,0.120258163276645,-6.83335297896079,8.29525071648372e-12,8.04929653273998e-09,NA,NA
"NVE21963",664.138304666011,0.561768557128319,0.158013963439278,3.55518300345776,0.00037771609545127,0.0222806573386711,NA,NA
"NVE22050",3766.14066283644,0.465771526224772,0.0871467441036706,5.34468075675536,9.05765487314597e-08,2.83519206650232e-05,"K01279","TPP1; tripeptidyl-peptidase I [EC:3.4.14.9]"
"NVE22165",158.21741444557,-0.459242481872345,0.140419710457783,-3.27049870972647,0.00107358031980585,0.0442356120307264,NA,NA
"NVE22201",160.287507216922,-0.734980828674467,0.178597273187036,-4.11529703426524,3.86681129372456e-05,0.00379006094834912,"K05695","PTPRF; receptor-type tyrosine-protein phosphatase F [EC:3.1.3.48]"
"NVE22242",494.301001221819,-0.731238910642712,0.158836797125478,-4.6037122623736,4.15025777493394e-06,0.000703320977394702,NA,NA
"NVE22243",639.277746641812,-0.401447468385,0.123398215006904,-3.25326803440828,0.00114085829036397,0.0463193239353421,"K17509","PDPR; pyruvate dehydrogenase phosphatase regulatory subunit"
"NVE22414",2151.1325478407,-0.272783188817882,0.0735537646386063,-3.70862307535386,0.000208389364597065,0.0143922149421183,"K00963","UGP2; UTP--glucose-1-phosphate uridylyltransferase [EC:2.7.7.9]"
"NVE2242",119.946650211637,0.387054096269703,0.112689228999438,3.43470356223337,0.000593202351975273,0.0302954685389056,"K01441","ACER1_2; alkaline ceramidase [EC:3.5.1.23]"
"NVE22444",2173.5021502662,-0.789017341549406,0.14363107734171,-5.49336088089259,3.94355782051731e-08,1.4717812812073e-05,"K01958","PC; pyruvate carboxylase [EC:6.4.1.1]"
"NVE22477",298.033953935744,-0.438743026272268,0.102910455229351,-4.26334744409073,2.01387009601547e-05,0.0022461595950214,NA,NA
"NVE22520",1122.5779351498,-0.330984914876419,0.0937771157636482,-3.52948490877688,0.000416369450659732,0.0237355713053031,NA,NA
"NVE22530",864.500230661587,-0.402721157437728,0.114004320346323,-3.53250785772275,0.000411637992705012,0.0237119108816053,"K02183","CALM; calmodulin"
"NVE22575",1202.22301977575,0.408470548352813,0.112251863234238,3.63887544120715,0.000273831196877001,0.0176552891620995,"K21737","ACET6; acyl-lipid Delta6-acetylenase / acyl-lipid (9-3)-desaturase [EC:1.14.19.38 1.14.19.47]"
"NVE2258",204.063203670513,-0.408692530529189,0.122092553006683,-3.3473993332486,0.000815736088081073,0.0371619489703976,"K10268","FBXL2_20; F-box and leucine-rich repeat protein 2/20"
"NVE2266",593.663509151974,0.413940130145268,0.0847787710301288,4.88259177522355,1.04700482324126e-06,0.000236270030286548,NA,NA
"NVE22674",115.484379211429,0.510097108451197,0.14454240534233,3.52904815194612,0.000417057237857905,0.0237355713053031,NA,NA
"NVE22726",276.633443905282,-0.959703950844115,0.220682306170555,-4.34880334312985,1.36882387043135e-05,0.00169632187701619,NA,NA
"NVE22740",334.143155490809,-0.369060262784723,0.103922398904984,-3.55130623112496,0.000383324130984083,0.0225429436666912,"K15290",NA
"NVE22752",1525.49466416681,-0.208895390246033,0.0590952769683198,-3.53489146616605,0.000407942678864193,0.0236349719003156,"K03294","TC.APA; basic amino acid/polyamine antiporter, APA family"
"NVE23133",250.442015341333,0.604062652093779,0.169539907857912,3.56295257987301,0.000366706941036686,0.022054291727344,NA,NA
"NVE23148",266.041813488998,0.822392000566204,0.241791348406115,3.40124659541129,0.000670792875989964,0.0326267602614968,NA,NA
"NVE23257",36.2216578198746,-0.765853397467366,0.225462754540791,-3.39680670994732,0.00068177106054466,0.0328392868839557,"K01958","PC; pyruvate carboxylase [EC:6.4.1.1]"
"NVE23273",547.546157862301,-0.700825687584818,0.184853454690998,-3.79125014869926,0.000149890890040337,0.0111453352605855,NA,NA
"NVE23275",125.032560094805,-0.971128483552803,0.210984588481978,-4.60284085458572,4.16766694493692e-06,0.000703320977394702,NA,NA
"NVE2328",237.787609983595,0.358712924009108,0.101731046890095,3.52609095231903,0.000421742104133521,0.0238622420260036,"K13868","SLC7A9; solute carrier family 7 (L-type amino acid transporter), member 9"
"NVE23348",82.1126803197813,-0.515350210043771,0.158029846590666,-3.26109416140009,0.00110983178511235,0.0455359523333517,NA,NA
"NVE2336",2989.69383304212,-0.294171110601764,0.0697812597967108,-4.21561765234325,2.49095485606008e-05,0.00262794050040718,"K17086","TM9SF2_4; transmembrane 9 superfamily member 2/4"
"NVE23390",181.927983177045,-0.649256211278717,0.200207108245659,-3.24292287605525,0.00118310232227925,0.0473555471499616,"K17725","ETHE1; sulfur dioxygenase [EC:1.13.11.18]"
"NVE23522",212.65155589219,-0.62755983840002,0.167728699836495,-3.74151733729397,0.000182912556400271,0.0130028717291577,NA,NA
"NVE23566",77.9950129693232,0.625209274230552,0.193565762352469,3.2299579565734,0.00123808423141142,0.0488363834939054,NA,NA
"NVE23583",75.3998148478819,-0.983968439474263,0.218764890659499,-4.49783526281547,6.86488554499781e-06,0.00101600212696988,NA,NA
"NVE23609",1377.96405743138,-0.627876710879392,0.13340715841416,-4.70646941545792,2.5204377876339e-06,0.000484298377669416,"K16669","FAT4; protocadherin Fat 4"
"NVE23838",280.242555628956,-0.30444016678819,0.088319462720353,-3.44703372745986,0.000566777820736194,0.0294789724860168,NA,NA
"NVE23862",256.1011099457,-1.25939225457201,0.242266700510749,-5.19837126570405,2.0104228215308e-07,5.9115569238558e-05,NA,NA
"NVE23912",5851.29957019911,-1.18632075427423,0.214742841205113,-5.5243785898367,3.30653788835424e-08,1.25823491763315e-05,NA,NA
"NVE23976",377.9230656292,-0.519326811210534,0.121517105232185,-4.27369307570523,1.92261647562045e-05,0.00219483634955095,"K02257","COX10; heme o synthase [EC:2.5.1.141]"
"NVE24078",599.088381917408,-0.783589503265094,0.185903363639764,-4.21503671543836,2.49737557174601e-05,0.00262794050040718,NA,NA
"NVE24126",364.898649228802,-0.371455342004748,0.108999431462913,-3.40786494956292,0.000654732903855651,0.0322497499114889,"K04969","TRPC6; transient receptor potential cation channel subfamily C member 6"
"NVE2419",136.2772103677,-0.997496148011683,0.132704306366043,-7.51668258044509,5.61836007609752e-14,7.26903426645497e-11,NA,NA
"NVE24191",1610.80400555718,-0.863632286648671,0.212711136831156,-4.06011786460526,4.90479501934493e-05,0.00464328570441108,NA,NA
"NVE2420",278.986547159315,-0.94549504966654,0.104459508743219,-9.0513066837289,1.41267579658542e-19,5.48315983686666e-16,NA,NA
"NVE24297",2360.08012157852,-0.283372600358728,0.0751959818920772,-3.76845402145862,0.000164261733265458,0.0118948785726968,"K00261","GLUD1_2; glutamate dehydrogenase (NAD(P)+) [EC:1.4.1.3]"
"NVE24301",222.86522338224,-0.338584102238149,0.105092669804113,-3.22176706395653,0.00127402666650941,0.0495433213121894,NA,NA
"NVE24392",1370.16750082222,-0.236494306465848,0.0686043729827455,-3.44721912297527,0.000566389001281031,0.0294789724860168,"K05126","RET; proto-oncogene tyrosine-protein kinase Ret [EC:2.7.10.1]"
"NVE24420",268.794122177648,0.356977815367523,0.0970586310410352,3.67796054342244,0.000235106317189108,0.0157334768885828,NA,NA
"NVE24772",447.536150525328,-1.52663351217749,0.180575461155841,-8.45426893779312,2.80841340674653e-17,7.78612556924712e-14,NA,NA
"NVE24815",313.708321695843,0.529143057281999,0.129294760613399,4.09253286654188,4.26686743518787e-05,0.00411975603555676,"K13866","SLC7A4; solute carrier family 7 (cationic amino acid transporter), member 4"
"NVE24826",834.842919963251,-0.351585252021271,0.0844846974401971,-4.16152584638351,3.16128209679107e-05,0.00317880837577328,"K00456","CDO1; cysteine dioxygenase [EC:1.13.11.20]"
"NVE2489",752.801287010137,-0.222503415829699,0.064893053691625,-3.4287709265008,0.00060632104369301,0.0306428971222663,"K20360","TBC1D22; TBC1 domain family member 2"
"NVE2496",2302.19353477435,-0.680115786319695,0.168630162926783,-4.03317991583151,5.50271165650872e-05,0.00508529167227927,"K01835","pgm; phosphoglucomutase [EC:5.4.2.2]"
"NVE2501",1158.15843883691,0.219367356487043,0.0563248855488899,3.89467913426353,9.83288032013669e-05,0.00795111284887053,"K05857","PLCD; phosphatidylinositol phospholipase C, delta [EC:3.1.4.11]"
"NVE25021",186.778646016665,-0.457108682774247,0.125534992363885,-3.64128498490076,0.000271280638511925,0.0175491445053364,"K09491","STCH; stress 70 protein chaperone microsome-associated 60kDa protein"
"NVE25132",185.588512931195,0.717816527060366,0.204959097205904,3.50224282232878,0.000461358941089429,0.0251505420497825,NA,NA
"NVE25163",34.3297253745778,0.88059958159656,0.240191482834197,3.6662398316781,0.00024614309355334,0.0163592432074989,NA,NA
"NVE25191",214.938179601594,0.792770065275837,0.221547248911946,3.5783340536579,0.00034579131192069,0.0211696277301099,NA,NA
"NVE25211",201.977687504965,0.474985317375718,0.0994548486266005,4.77588899822303,1.78915069262458e-06,0.00036938348395495,NA,NA
"NVE25222",92.6107009860822,0.966399903114027,0.225283388362677,4.28970777711426,1.78908366828257e-05,0.00209161125002168,"K05673","ABCC4; ATP-binding cassette, subfamily C (CFTR/MRP), member 4"
"NVE25245",85.2389548502213,0.588339085519615,0.181298628208918,3.2451380980205,0.00117393677510836,0.0471689254545091,NA,NA
"NVE25267",367.111501108624,-0.40253986991854,0.121582325544586,-3.31084200039358,0.000930157117074271,0.0403298497529815,"K12389","BTS; battenin"
"NVE25329",145.857352405725,0.551017550283038,0.133868168163886,4.11612079137784,3.85302430809788e-05,0.00379006094834912,"K04150","HRH2; histamine receptor H2"
"NVE25364",2132.66220907149,0.388577333860453,0.0826419350397565,4.70193895718343,2.57702549972999e-06,0.000490316998757451,"K17341","HMCN; hemicentin"
"NVE25422",337.544874359603,-0.422598002800069,0.131171773234623,-3.22171449221916,0.00127426043605211,0.0495433213121894,NA,NA
"NVE25471",213.84996860506,0.728392634451273,0.195990869704643,3.71646207575361,0.000202031949939873,0.0140531686468929,NA,NA
"NVE25479",129.524858245448,-0.669050941774956,0.159829518320667,-4.18602864354903,2.83877540786567e-05,0.00291492668467985,"K07832","RIT1; Ras-like without CAAX 1"
"NVE25488",282.940110442618,0.581477163840523,0.137593811360833,4.22604155004927,2.37838094353719e-05,0.00255012370006775,"K19347","SUN1_2; SUN domain-containing protein 1/2"
"NVE25569",5332.55742533792,0.581983186095617,0.157064420119965,3.70537888626272,0.000211074971675117,0.0145259999124078,"K00522","FTH1; ferritin heavy chain [EC:1.16.3.2]"
"NVE25599",165.607681642268,0.520414508069208,0.144881910832966,3.59199091920588,0.000328161287562117,0.0204778974524694,"K00474","TMLHE; trimethyllysine dioxygenase [EC:1.14.11.8]"
"NVE2562",620.039925222299,-0.23219619491426,0.0672499990635304,-3.4527315709686,0.000554940926332703,0.0290289448984872,"K10350","ZYG11; Zyg-11 protein homolog"
"NVE25649",972.617008430113,-0.258250080792849,0.0653004189559047,-3.95479975353966,7.65987807473253e-05,0.00655222479654705,"K10295","FBXO9; F-box protein 9"
"NVE25651",1258.96430330265,0.571615002791487,0.142141327560601,4.02145535433938,5.78396716226461e-05,0.0052453014354238,"K08228","SLC43A1; MFS transporter, LAT3 family, solute carrier family 43, member 1"
"NVE25705",477.167782460475,0.425743372565252,0.12921202449974,3.29492068724694,0.00098449462039276,0.0417631501592676,"K10749","GMNN; geminin"
"NVE25717",262.469223134263,-0.521219636971571,0.141409577521353,-3.68588638837328,0.00022790801262982,0.0155193361442348,NA,NA
"NVE25764",92.6891841325451,-0.688214885252554,0.174713007541516,-3.93911646841187,8.17822245759965e-05,0.0068117924135037,NA,NA
"NVE25767",967.535465169845,-0.509297684234687,0.148444020098259,-3.43090738109604,0.000601565954816816,0.0305617551966753,NA,NA
"NVE25795",94.5093330071859,0.715051443961544,0.219474231547163,3.25802003688933,0.00112192484377367,0.0457420072334363,NA,NA
"NVE25858",3803.57061692434,-0.374951199129434,0.105732119045863,-3.5462374396071,0.000390773937028874,0.0229116308033818,NA,NA
"NVE25864",1320.2966825425,-0.376311409682073,0.0967897057230501,-3.88792802778876,0.000101103594167616,0.00810792335541708,NA,NA
"NVE25875",1036.99031282698,-0.439602457596819,0.114500685567136,-3.839299786018,0.000123385699599004,0.00965542851660433,"K12132","prkC; eukaryotic-like serine/threonine-protein kinase [EC:2.7.11.1]"
"NVE25988",238.487374455116,-0.517458693297868,0.151811250533646,-3.40856617331655,0.000653052441047709,0.0322488262682262,NA,NA
"NVE26047",216.14123142823,0.559693699371564,0.155263190896696,3.60480611108885,0.000312386056078836,0.0197708594983263,NA,NA
"NVE26069",755.84616325297,-0.850040230011683,0.172398739485144,-4.93066383518966,8.19506529639065e-07,0.000193953210008602,"K08606","MEP1B; meprin B [EC:3.4.24.63]"
"NVE26108",1004.16938176469,-0.816836061911278,0.214965319721031,-3.7998504269029,0.000144783447485956,0.0108907456021704,NA,NA
"NVE26132",1066.34697596636,0.481427860129222,0.139957582620438,3.43981262833644,0.000582117043060528,0.0299659030628002,NA,NA
"NVE2614",110.328358682874,0.710683853691637,0.21520721065791,3.30232361415311,0.00095887373403294,0.0410791667911198,NA,NA
"NVE2635",143.656641707413,0.501360019077513,0.14631607932579,3.42655449344823,0.000611291091556186,0.0307340057353132,"K12132","prkC; eukaryotic-like serine/threonine-protein kinase [EC:2.7.11.1]"
"NVE2658",126.202696279413,-0.639461416996894,0.186909441475996,-3.42123657289414,0.000623370818694561,0.0310996336205793,NA,NA
"NVE2673",5673.65652317442,-0.782984011669898,0.141718263027035,-5.52493373081019,3.29609998499855e-08,1.25823491763315e-05,NA,NA
"NVE2773",935.02424310989,-0.358924736350612,0.109204286622694,-3.28672754019917,0.00101358849985713,0.0424186425725463,"K06639","CDC14; cell division cycle 14 [EC:3.1.3.16 3.1.3.48]"
"NVE2806",59.5919765567544,0.71887867446117,0.213873113364764,3.36123911580748,0.00077593619411353,0.0362426477710497,NA,NA
"NVE282",538.960555745125,-0.514385184415777,0.0992921002162864,-5.18052476778414,2.21262545260389e-07,6.18410639591015e-05,NA,NA
"NVE2904",230.457715608128,0.464270112145392,0.108139038467853,4.29327020771883,1.76060522280487e-05,0.00207079185205904,"K21988","TMC; transmembrane channel-like protein"
"NVE2930",448.351239380676,-0.448922876090803,0.116149710810797,-3.86503653738819,0.000111072571153701,0.00876254222918646,NA,NA
"NVE2944",1790.99424560565,-0.512682727348956,0.143611448193272,-3.56992937400777,0.000357077486401447,0.0215881706498221,NA,NA
"NVE2987",276.50189510302,0.621752287309795,0.187593882988955,3.31435267186405,0.000918555716690028,0.0401385580447642,NA,NA
"NVE2988",335.660786381798,0.350953308682609,0.104738139144504,3.35076898968398,0.000805874993342664,0.0369730874605227,"K08369","ydjE; MFS transporter, putative metabolite:H+ symporter"
"NVE301",327.084123154605,0.666348571446138,0.10688960736441,6.23398839116707,4.54706793321192e-10,3.26833138443866e-07,NA,NA
"NVE3153",692.678680778145,-0.652256489636037,0.148384196366546,-4.39572748047103,1.10402375280392e-05,0.00146751979251134,NA,NA
"NVE3246",122.621662840374,-0.557594202297086,0.163785704075473,-3.40441313510576,0.00066306385492977,0.0324133003340606,NA,NA
"NVE3273",1832.63798621172,-0.339219700503771,0.101670480534506,-3.33646205585351,0.000848520105543751,0.0382088929560466,"K05673","ABCC4; ATP-binding cassette, subfamily C (CFTR/MRP), member 4"
"NVE3290",470.222847323935,0.45142261764312,0.113771093574454,3.967814701084,7.25346956448118e-05,0.00631247012725947,"K11135","PINX1; Pin2-interacting protein X1"
"NVE3321",1370.9954588964,0.347266051846892,0.0714983117359438,4.85698254148166,1.1918809844528e-06,0.000259897014216578,NA,NA
"NVE3324",1767.29998156565,-0.361545211568799,0.104905066853673,-3.44640370968069,0.000568100979531627,0.0294789724860168,"K19363","LITAF; lipopolysaccharide-induced tumor necrosis factor-alpha factor"
"NVE3457",2079.0824297528,-0.249338764319857,0.0571894197571463,-4.35987574937234,1.30136315040774e-05,0.00166154964868177,"K05766","SSH; protein phosphatase slingshot [EC:3.1.3.16 3.1.3.48]"
"NVE3462",781.224981254113,-0.406155495296675,0.103480309180333,-3.92495440450294,8.67461669907191e-05,0.00719437120849951,"K18592","GGT1_5; gamma-glutamyltranspeptidase / glutathione hydrolase / leukotriene-C4 hydrolase [EC:2.3.2.2 3.4.19.13 3.4.19.14]"
"NVE3477",686.14847798004,1.92756682697551,0.174721683970964,11.0322129638805,2.67207786724506e-28,5.18570151696248e-24,NA,NA
"NVE3498",3762.28081088092,-0.307447540161633,0.0853287134949471,-3.60309592831068,0.000314449412863509,0.0197708594983263,"K08547","NR2F1; COUP transcription factor 1"
"NVE3513",843.913787659911,0.731821126374635,0.118371471771177,6.1824113143521,6.31297783550599e-10,4.22468830529878e-07,"K01262","pepP; Xaa-Pro aminopeptidase [EC:3.4.11.9]"
"NVE3532",507.309919362902,-0.330965314656506,0.0836615500459778,-3.95600266161238,7.62143119051942e-05,0.00655222479654705,NA,NA
"NVE3560",580.478882232501,-0.30958634903859,0.0922513411029154,-3.35590079599185,0.000791069394338514,0.0366402953124763,NA,NA
"NVE3566",1486.33725424721,-0.262943286536453,0.0785317063401594,-3.34824364311552,0.000813254809063052,0.0371360848929098,"K01648","ACLY; ATP citrate (pro-S)-lyase [EC:2.3.3.8]"
"NVE3638",89.1670780057953,0.575934215837735,0.132827667392679,4.33595068815819,1.45131479989449e-05,0.00177142555481461,"K21196","phnZ; 2-amino-1-hydroxyethylphosphonate dioxygenase (glycine-forming) [EC:1.13.11.78]"
"NVE3701",453.191125474448,-0.332141086284764,0.099587710915109,-3.33516136913608,0.000852499131754944,0.0382088929560466,NA,NA
"NVE371",1387.78512142642,-0.252693759523467,0.0633428723331172,-3.98930061451211,6.62683951165152e-05,0.00592659329044337,NA,NA
"NVE3731",489.960354880851,0.376941810505746,0.110661164922851,3.40627003853191,0.000658570048665497,0.0322749215516447,NA,NA
"NVE3837",78.1656378698664,0.681318440396643,0.209259175739588,3.25585933323425,0.00113049744894815,0.0459948930644375,NA,NA
"NVE3863",574.143433495854,-0.251523799325746,0.0778604824913325,-3.2304423409365,0.00123598831482464,0.0488363834939054,NA,NA
"NVE3869",66.2798959275501,-0.56139201209675,0.164222764059214,-3.418478645837,0.000629722589322499,0.0313359648486711,NA,NA
"NVE3887",640.164467491357,0.36633276673449,0.104178727530843,3.51638741820909,0.000437462140620836,0.0245370744596201,NA,NA
"NVE3893",1517.62912610211,0.28310424558297,0.0877692276209437,3.22555243172055,0.0012572980386555,0.0490953381009803,"K17928","SNX16; sorting nexin-16"
"NVE3911",941.295436584421,0.338544195652985,0.101591759908339,3.3323981783408,0.000861009706273541,0.0384129088957485,NA,NA
"NVE393",4185.24908058858,0.593143195767126,0.177291142728062,3.34558842951855,0.000821081724951328,0.0373178759628347,NA,NA
"NVE4005",277.251238132988,-0.465700360889908,0.144578275537342,-3.22109500309834,0.00127701808824472,0.0495433213121894,NA,NA
"NVE4179",627.509186868396,-0.81648366379665,0.243146564606691,-3.35798971750795,0.00078511533649984,0.0365362617711966,"K13912",NA
"NVE4229",147.58678910023,0.370583772072655,0.113059891907831,3.27776513686005,0.00104632414477172,0.0434818258620659,"K09458","fabF; 3-oxoacyl-[acyl-carrier-protein] synthase II [EC:2.3.1.179]"
"NVE4284",242.002232369326,-0.700071337686294,0.171654287530951,-4.07837956019634,4.53506854188902e-05,0.00435703342536833,NA,NA
"NVE4301",332.959833348734,0.651687431452957,0.137251215927249,4.7481359421864,2.05300031588435e-06,0.000415026845107996,NA,NA
"NVE4304",43.4158620526575,-1.1026685567415,0.212071299296489,-5.19951808848916,1.9980588320904e-07,5.9115569238558e-05,NA,NA
"NVE4313",936.429633167402,-0.389078259292354,0.0616569179254325,-6.31037477032023,2.78360574078714e-10,2.07774756197908e-07,"K10277","KDM8; lysine-specific demethylase 8 [EC:1.14.11.27]"
"NVE4323",1000.71473813467,0.521268058916848,0.142735891680782,3.65197605716874,0.000260230152158709,0.0170617789288651,NA,NA
"NVE4359",340.022272722348,-0.510828539350802,0.129474595459709,-3.94539590980815,7.9668235090065e-05,0.00675162200171568,NA,NA
"NVE4469",212.005224416683,0.458486743470479,0.136113196281508,3.36842243071157,0.000755996667680468,0.0356973900965325,NA,NA
"NVE4525",4347.99147352847,0.405393659831607,0.113925393491521,3.55841351438281,0.000373101600751532,0.022155832315459,NA,NA
"NVE4675",1075.17821267729,0.499296282969008,0.136767273114537,3.65069999275972,0.00026152657749765,0.0170890447457808,NA,NA
"NVE4716",5827.22294697586,-0.229931294434963,0.0548775523976039,-4.18989704149054,2.79081055588409e-05,0.00288091810947034,"K07192","FLOT; flotillin"
"NVE4741",1844.86956580181,-0.393644344924793,0.0864578333599112,-4.55302116219024,5.28809513431476e-06,0.000808079230485405,"K11089","TROVE2; 60 kDa SS-A/Ro ribonucleoprotein"
"NVE4742",2201.42873759402,-0.369942508373835,0.102681606735025,-3.60281183881831,0.000314793403667895,0.0197708594983263,"K11089","TROVE2; 60 kDa SS-A/Ro ribonucleoprotein"
"NVE4779",34900.996410686,-0.866216220207529,0.240376285655193,-3.60358434629475,0.000313858832608373,0.0197708594983263,NA,NA
"NVE48",3619.3718695404,0.394085176053626,0.0720746030681398,5.46773980400634,4.55810317508433e-08,1.58026880752878e-05,"K12373","HEXA_B; hexosaminidase [EC:3.2.1.52]"
"NVE4824",2543.38813828925,-1.01604733257134,0.185140840476566,-5.48796975295108,4.06579662022452e-08,1.48877198129617e-05,NA,NA
"NVE4825",5438.20429841404,-1.34236867195093,0.204658401828625,-6.55906945406026,5.41445817447159e-11,4.56862564312914e-08,NA,NA
"NVE4826",4471.52151545119,-1.67210394242312,0.157571795142637,-10.6116957093083,2.62933261535188e-26,2.5513729033067e-22,NA,NA
"NVE4856",449.236890433051,0.611514424270595,0.14314203785537,4.27208130771803,1.93656934544014e-05,0.00219731557187567,"K03098","APOD; apolipoprotein D and lipocalin family protein"
"NVE5120",835.61328310275,-1.06062391937746,0.164309511765317,-6.45503664384538,1.08192720315836e-10,8.3987844926777e-08,"K00471","E1.14.11.1; gamma-butyrobetaine dioxygenase [EC:1.14.11.1]"
"NVE5223",3753.06802228642,0.650942344482051,0.106815137939065,6.09410198817884,1.10053482844337e-09,6.88970303729047e-07,"K01365","CTSL; cathepsin L [EC:3.4.22.15]"
"NVE5331",425.563005698088,-0.704734048484579,0.192305513747291,-3.66465856725601,0.000247668759649575,0.0163673219315842,"K09381","PAX3_7; paired box protein 3/7"
"NVE5408",1482.89422766339,-0.729074989051333,0.154361093058407,-4.72317845517892,2.32186938146258e-06,0.000455156758444891,"K09057","HLF; hepatic leukemia factor"
"NVE5412",1486.70122242767,-1.27589574981452,0.186512840838464,-6.84079307397155,7.87559480990342e-12,8.04429834083135e-09,NA,NA
"NVE5447",425.421243728316,-0.360576458980682,0.102949925126945,-3.50244508226757,0.000461008808797056,0.0251505420497825,"K19873","FKRP; fukutin-related protein [EC:2.7.8.-]"
"NVE5530",391.654226502486,-0.325478396156482,0.0820185569604147,-3.96835067841501,7.23717827201125e-05,0.00631247012725947,NA,NA
"NVE5550",276.77257104363,0.872818812098527,0.200728904388101,4.34824677970127,1.37230141027228e-05,0.00169632187701619,NA,NA
"NVE5588",947.896736201492,-0.741258193662127,0.127528213873703,-5.81250353271811,6.15453845707504e-09,3.31780910656821e-06,NA,NA
"NVE5599",1899.78157075529,0.743836567336879,0.222932809901834,3.33659530718884,0.000848113440769023,0.0382088929560466,NA,NA
"NVE5606",222.025283284127,0.622016833781205,0.159221310728294,3.9066179705219,9.35969571115568e-05,0.00765091015242292,"K22078","PGGHG; protein-glucosylgalactosylhydroxylysine glucosidase [EC:3.2.1.107]"
"NVE5647",1131.91371684801,-0.39792141010605,0.0914475464227144,-4.35136234565186,1.35294250924881e-05,0.00169632187701619,"K15377","SLC44A2_4_5; solute carrier family 44 (choline transporter-like protein), member 2/4/5"
"NVE5764",4488.73662864091,0.346217328811477,0.0757873504355092,4.56827329128083,4.91758579530228e-06,0.000775899085605133,NA,NA
"NVE5880",214.91169710398,0.565693071535451,0.174136070450969,3.24856917966763,0.00115987001055269,0.0468949943641585,"K08621","ADAMTS6; a disintegrin and metalloproteinase with thrombospondin motifs 6 [EC:3.4.24.-]"
"NVE59",358.224343212106,0.632774943291433,0.130091693237461,4.864068777523,1.14996924290726e-06,0.000256522449391968,"K19501","ANO7; anoctamin-7"
"NVE5926",1006.80176857845,-0.295632246855579,0.0765597330646431,-3.86145869403649,0.000112712069791416,0.00885588315158706,NA,NA
"NVE5946",560.963946530326,-0.527229030603832,0.102766564747061,-5.13035569400902,2.89195190091112e-07,7.68823432068249e-05,NA,NA
"NVE6003",486.655323840524,-1.17989661882753,0.242784694949047,-4.85984760726022,1.17476145768385e-06,0.000259074950105347,NA,NA
"NVE6004",469.709909652022,-0.262074868407405,0.0757541357003126,-3.45954535662828,0.000541088139588779,0.0286127997956388,NA,NA
"NVE6022",285.860651449495,0.928668965021538,0.178213505750248,5.21099094657277,1.87834619370309e-07,5.69579134081186e-05,NA,NA
"NVE6122",2008.60466659382,-0.222915792534123,0.0592110780318335,-3.76476497209318,0.000166705808083679,0.012026987425576,"K07526","SRGAP; SLIT-ROBO Rho GTPase activating protein"
"NVE6279",164.482693272926,-0.634427752087089,0.183120627132833,-3.46453461863085,0.000531149770951189,0.0281639989203544,NA,NA
"NVE6332",6030.35344429596,0.510848969628191,0.0983335206131098,5.19506437319692,2.04649013564946e-07,5.92779612873866e-05,"K00207","DPYD; dihydropyrimidine dehydrogenase (NADP+) [EC:1.3.1.2]"
"NVE6497",1474.19108290835,-0.399806402611076,0.100878892597815,-3.96323147801622,7.39420232703125e-05,0.00640621806074534,"K08791","LATS1_2; serine/threonine-protein kinase LATS1/2 [EC:2.7.11.1]"
"NVE6502",1497.33314309031,-0.451064896247483,0.0824967637141752,-5.46766777191743,4.55995533681721e-08,1.58026880752878e-05,"K10358","MYO6; myosin VI"
"NVE6574",630.823933442078,0.563549734321605,0.128390057483064,4.38935650757804,1.13686563692606e-05,0.00150089465413769,"K01285","PRCP; lysosomal Pro-X carboxypeptidase [EC:3.4.16.2]"
"NVE6759",466.132359223174,-0.498147815192423,0.0974327700003929,-5.11273378751743,3.175296343812e-07,8.21639681924794e-05,NA,NA
"NVE6761",681.47072824596,-0.714788501915644,0.16017232229389,-4.46262182928288,8.09628685827127e-06,0.00116388621524793,NA,NA
"NVE6770",335.921241604386,-0.585175013422988,0.159693357948821,-3.66436663953505,0.000247951391141637,0.0163673219315842,NA,NA
"NVE6848",179.718968412037,-0.674880946226401,0.144110258873346,-4.68308746027257,2.82585866270499e-06,0.000522299419686817,NA,NA
"NVE6913",2019.95501480725,-0.661290506243153,0.166545323949707,-3.97063388247902,7.16816612152556e-05,0.00631247012725947,NA,NA
"NVE6927",209.71219443107,0.485420008588044,0.129295806877569,3.75433682120636,0.000173801025337534,0.0124924314767612,NA,NA
"NVE6953",398.836771231665,-0.586585033113551,0.150144101005253,-3.90681371553205,9.35211977172734e-05,0.00765091015242292,NA,NA
"NVE6997",13945.2623399631,-1.04916748057996,0.216679917380398,-4.84201532502005,1.28528848647395e-06,0.000272106492806731,NA,NA
"NVE7014",39.5844485599976,-0.941740455275313,0.236168364005884,-3.98758089060502,6.67504485582236e-05,0.00594232089527269,NA,NA
"NVE7039",4123.6434807637,-0.483392672263032,0.137345922516982,-3.51952692445793,0.00043231715378517,0.0243187797203154,NA,NA
"NVE7070",316.952858894133,0.318643564557237,0.09515660324598,3.3486227301908,0.000812143018056353,0.0371360848929098,"K17866","DPH2; diphthamide biosynthesis protein 2"
"NVE7074",408.468709684512,0.35833365507888,0.0973806053566285,3.67972301842432,0.000233487418338415,0.0157334768885828,NA,NA
"NVE7122",171.883749330278,-0.727864237713145,0.126608069996318,-5.74895611104655,8.97961213530073e-09,4.58598243973108e-06,"K09592","EGLN; hypoxia-inducible factor prolyl hydroxylase [EC:1.14.11.29]"
"NVE729",158.466428911067,0.467037187841078,0.111916220247963,4.17309650742588,3.00487583583067e-05,0.00305317410188302,"K08369","ydjE; MFS transporter, putative metabolite:H+ symporter"
"NVE7363",389.385028428268,-0.375766804024626,0.104032812240577,-3.61200275116722,0.000303841341974151,0.019333275159647,"K19873","FKRP; fukutin-related protein [EC:2.7.8.-]"
"NVE7401",158.53308831293,-0.497444744514792,0.123461034017879,-4.0291639258647,5.59755767484848e-05,0.00514842662539263,NA,NA
"NVE7443",1089.71053751763,-0.176038458791596,0.0531328963434754,-3.31317264644492,0.000922440196216047,0.0401385580447642,NA,NA
"NVE7464",57.9848617885489,-0.776602000391416,0.209170679382437,-3.71276702205243,0.0002050055866091,0.0142090836404386,NA,NA
"NVE7479",3359.90800431127,-0.659017392026075,0.165101949523707,-3.99157849999491,6.56349546026722e-05,0.00589711835173176,NA,NA
"NVE7492",309.851427508753,-0.756721104629865,0.128082820938476,-5.90806088658331,3.46158088748466e-09,2.09934063385671e-06,"K10267","FBXW12S; F-box and WD-40 domain protein 12/13/14/15/16/17/19"
"NVE7541",1188.82909242034,0.722577378238201,0.201600137226148,3.58421074598594,0.000338099018167458,0.0208964574699868,NA,NA
"NVE7759",242.147855225633,0.433960767708357,0.115020471210177,3.77290027716355,0.000161360795478913,0.01177266525511,NA,NA
"NVE7762",458.340668190482,0.577474965117623,0.165286947078851,3.49377234756557,0.000476246941454583,0.0258171072424835,"K05863","SLC25A4S; solute carrier family 25 (mitochondrial adenine nucleotide translocator), member 4/5/6/31"
"NVE779",614.243882004812,0.719156301501017,0.220669081362193,3.25898080991527,0.00111813230859364,0.0457026510178632,NA,NA
"NVE7844",348.297456938846,-0.695689742461618,0.137249200322299,-5.06880725591075,4.00316352231381e-07,0.000102222887470453,NA,NA
"NVE7910",11691.550105395,0.648048786428822,0.14979915492396,4.32611777254539,1.5176030323186e-05,0.00184075762801294,"K00522","FTH1; ferritin heavy chain [EC:1.16.3.2]"
"NVE7916",141.946926997379,0.761827357046238,0.16892527925402,4.50984814357268,6.48740479097244e-06,0.000975977246344203,NA,NA
"NVE8009",1999.07772000446,-0.280530870104799,0.0750489811476217,-3.73797040033087,0.000185511780649902,0.0130917350075369,NA,NA
"NVE8018",191.279644985517,0.438567272406919,0.119071789770236,3.68321726962524,0.000230308699590743,0.0156279752900614,NA,NA
"NVE8085",55.6096862588242,-1.12452362604152,0.168821207242125,-6.66103296150889,2.71909645303227e-11,2.51283356495225e-08,NA,NA
"NVE8101",694.075302745862,0.523100423617746,0.138343443103059,3.78117250723665,0.000156091461750306,0.0115620877793442,"K11251","H2A; histone H2A"
"NVE8124",1257.20338146912,-0.768738486179158,0.164511537168835,-4.67285455724735,2.97042120806338e-06,0.0005423027627835,NA,NA
"NVE8151",126.147119345713,0.690665385823002,0.210138293908939,3.28671834616823,0.00101362159030104,0.0424186425725463,NA,NA
"NVE8161",153.713061819012,0.328790267268123,0.0960310323204375,3.42379186522761,0.000617538983796666,0.0308880903570667,NA,NA
"NVE8199",1938.26332287079,-0.283768086380863,0.0744399576996281,-3.81203986608768,0.000137824640026717,0.0104482921445254,"K17894","GATA2; GATA-binding protein 2"
"NVE8204",742.948986528879,-0.419807434369157,0.106497224208899,-3.94195658607669,8.08196076798286e-05,0.00676374716853711,NA,NA
"NVE8205",726.454387748981,-0.326281108246947,0.0790523586483432,-4.12740509993354,3.66879758511405e-05,0.00363267115991369,"K07364","TEC; tyrosine-protein kinase Tec [EC:2.7.10.2]"
"NVE8266",1211.09480261673,-0.922884526903775,0.198712480235233,-4.64432090934237,3.41196869203913e-06,0.000601964330967304,NA,NA
"NVE8297",146.477365218855,-0.747186343282803,0.222317153668932,-3.36090279563174,0.00077688161347744,0.0362426477710497,NA,NA
"NVE8298",214.619506433666,-0.895709476494527,0.203745257299306,-4.39622246116243,1.10151044483108e-05,0.00146751979251134,NA,NA
"NVE836",448.66957384713,-0.979796403992013,0.11742067165724,-8.34432634529735,7.16209616814338e-17,1.73743500418948e-13,NA,NA
"NVE8399",1697.03237648144,-0.252597650146627,0.0731327503247861,-3.4539607634723,0.000552417740830115,0.0290011332948998,"K09228","KRAB; KRAB domain-containing zinc finger protein"
"NVE8492",58.7297112664972,-0.73865245448661,0.207329403527125,-3.56269994472816,0.000367060144686561,0.022054291727344,"K03142","TFIIH2; transcription initiation factor TFIIH subunit 2"
"NVE857",3757.75187585008,-0.343167783926309,0.105746149230283,-3.24520359771203,0.001173666769577,0.0471689254545091,NA,NA
"NVE8634",192.751581756804,0.387678905175695,0.0924234204048216,4.19459595281837,2.73358418256744e-05,0.00285218646403689,NA,NA
"NVE8640",225.22770192353,0.889207397996698,0.159511528254079,5.57456509714029,2.48149003043616e-08,1.04691906566684e-05,"K08059","IFI30; interferon, gamma-inducible protein 30"
"NVE866",442.811198882808,-0.523777612295518,0.120781430854489,-4.33657399643277,1.44720721684339e-05,0.00177142555481461,NA,NA
"NVE8679",1322.34390588155,-0.655361449454935,0.081562499934652,-8.03508291163233,9.35156449881142e-16,1.64987102025848e-12,"K09090",NA
"NVE868",80.3771133093886,0.90217030160048,0.196753040624642,4.58529280531734,4.53350652245663e-06,0.00075846345759755,NA,NA
"NVE8785",379.444675022701,-0.989484696528318,0.204384167589913,-4.84129816999167,1.28993648365122e-06,0.000272106492806731,NA,NA
"NVE8847",1241.66073187354,0.489537299684178,0.151588857339601,3.22937522107893,0.00124061005966305,0.0488367534034095,NA,NA
"NVE8852",14829.0962041814,0.394680012898388,0.0797764931404942,4.94732216673548,7.52413897846312e-07,0.000180272796487696,NA,NA
"NVE8863",668.723728900907,0.410562641777886,0.127051148896182,3.23147523926266,0.00123152993356547,0.0488363834939054,"K07304","msrA; peptide-methionine (S)-S-oxide reductase [EC:1.8.4.11]"
"NVE8870",316.705191279473,-0.909798846013224,0.155244172513126,-5.8604379880108,4.61647912381117e-09,2.63505912811186e-06,"K17509","PDPR; pyruvate dehydrogenase phosphatase regulatory subunit"
"NVE893",365.958011295206,-0.783276294394435,0.178717411117297,-4.38276432887869,1.17182855580702e-05,0.0015262870323857,NA,NA
"NVE8972",199.530540250683,0.342512017212219,0.101463385525556,3.37572036886105,0.000736227055090091,0.0351055490371828,"K01565","SGSH; N-sulfoglucosamine sulfohydrolase [EC:3.10.1.1]"
"NVE9025",519.830281490177,0.705350034692097,0.189787399969192,3.71652720257824,0.000201979903611919,0.0140531686468929,NA,NA
"NVE9052",540.721766754867,0.370652474110002,0.110901385538358,3.34218073390799,0.000831229181559323,0.0376908054357986,"K06677","YCS4; condensin complex subunit 1"
"NVE9078",431.238134755514,-0.457958906408433,0.108423644501033,-4.22379185385224,2.40225929567024e-05,0.00256157396434463,NA,NA
"NVE908",495.470034712685,0.533248791798188,0.162931344577945,3.27284349846561,0.00106471412639863,0.0439636320234431,NA,NA
"NVE909",31.491369107995,0.801714111136925,0.240479719965324,3.33381172954014,0.000856646201549716,0.0383062968513257,NA,NA
"NVE910",766.604793544658,1.28049426489218,0.138036983225709,9.2764579098226,1.7520630270158e-20,8.50057179132392e-17,NA,NA
"NVE9193",1363.47690680647,0.686080851559998,0.160691940087013,4.26954115550845,1.95875505711595e-05,0.00219731557187567,NA,NA
"NVE9217",53.5392303030179,-0.825533725844744,0.22094774082658,-3.73633024151489,0.000186725406191869,0.0131296375288608,NA,NA
"NVE9253",1841.54676817327,0.2746978731602,0.0757618522262908,3.6258072511178,0.000288060165137005,0.018450110972983,"K12348","ASAH1; acid ceramidase [EC:3.5.1.23]"
"NVE9354",8954.05927864238,0.598674883290052,0.108068173937075,5.53978901909311,3.02836266966909e-08,1.22440488188058e-05,"K01363","CTSB; cathepsin B [EC:3.4.22.1]"
"NVE9386",165.123344327522,0.560250945189996,0.13797313227154,4.06058002718518,4.8950954748635e-05,0.00464328570441108,NA,NA
"NVE9400",1284.12047885769,0.411795496384672,0.073267511042042,5.62043790662381,1.90474041922221e-08,8.59658077112683e-06,NA,NA
"NVE9413",223.988331283986,-0.463886295814396,0.13230683730551,-3.50614000955397,0.000454655993333945,0.024925466321307,"K13517","MBOAT1_2; lysophospholipid acyltransferase 1/2 [EC:2.3.1.51 2.3.1.-]"
"NVE9434",110.024949289465,0.73323861829957,0.167831302402279,4.36890262903433,1.24872423697895e-05,0.00161559941780337,NA,NA
"NVE9451",214.410571808031,-0.355291875576369,0.108551210087354,-3.2730346837263,0.00106399420524057,0.0439636320234431,NA,NA
"NVE9576",1896.55832131742,-0.273702863404661,0.0795932582763414,-3.43876943012418,0.000584364713284998,0.0300020264304814,"K10636","AMFR; autocrine motility factor receptor [EC:2.3.2.27]"
"NVE9601",699.661582372724,0.570500719629957,0.144669251803349,3.94348289300234,8.03067224029428e-05,0.00676374716853711,NA,NA
"NVE9638",1113.91442479352,0.393935432518118,0.112981152853293,3.48673581893475,0.00048895409578865,0.0264282498367158,NA,NA
"NVE97",151.069157126137,-0.451430266930543,0.12604647406518,-3.58145890457121,0.00034168088906671,0.0210507968702147,"K01025","SULT1; sulfotransferase [EC:2.8.2.-]"
"NVE9754",6569.86979166128,-0.30956877377842,0.0699367002177808,-4.42641378295561,9.58126520701235e-06,0.00131874903455666,NA,NA
"NVE9781",914.684297309401,-0.499764602328902,0.104915022731493,-4.76351802932875,1.90246603798551e-06,0.000388643772622999,NA,NA
"NVE9821",103.612316267238,0.577509881404922,0.175965095909978,3.28195701777341,0.00103089317883439,0.0430248256379334,NA,NA
"NVE9883",792.862247791067,-0.708589188643871,0.213840905748667,-3.31362788687725,0.00092093980816995,0.0401385580447642,"K09428","ELF1_2_4; E74-like factor 1/2/4"
"NVE9925",16644.1326846358,0.753879805246146,0.105749946995767,7.12889062040215,1.01181096175712e-12,1.09090085193447e-09,"K00643","E2.3.1.37; 5-aminolevulinate synthase [EC:2.3.1.37]"
"NVE9933",469.386960849354,0.421489883951716,0.0902256687140131,4.67150745413377,2.98997246446306e-06,0.0005423027627835,NA,NA
