"","ID","Description","setSize","enrichmentScore","NES","pvalue","p.adjust","qvalues","rank","leading_edge","core_enrichment","ClusterSize","Count","CountClusterRatio"
"1","00010 Glycolysis / Gluconeogenesis","00010 Glycolysis / Gluconeogenesis",46,0.513416264711762,1.84563897826679,0.00088276408407769,0.00747406924519111,0.00535853286124352,4507,"tags=37%, list=18%, signal=30%","NVE2496/NVE19211/NVE22318/NVE9159/NVE4573/NVE24356/NVE22615/NVE7745/NVE22317/NVE15723/NVE21377/NVE2445/NVE15724/NVE3738/NVE8142/NVE22316/NVE21378",47,17,0.361702127659574
"2","00020 Citrate cycle (TCA cycle)","00020 Citrate cycle (TCA cycle)",40,0.5429761525892,1.88213420955489,0.00053008169333561,0.00480859821811589,0.00344752379500228,3895,"tags=42%, list=15%, signal=36%","NVE22444/NVE23257/NVE22318/NVE14766/NVE19524/NVE14193/NVE22362/NVE22317/NVE14208/NVE3566/NVE10089/NVE363/NVE6571/NVE2309/NVE17322/NVE19140/NVE8142",41,17,0.414634146341463
"3","00071 Fatty acid degradation","00071 Fatty acid degradation",51,0.495859229808591,1.81014609050396,0.00114966734516958,0.00912548455228353,0.00654251482612951,6743,"tags=53%, list=27%, signal=39%","NVE22615/NVE1990/NVE596/NVE15723/NVE3085/NVE25426/NVE3478/NVE2365/NVE2793/NVE2445/NVE7486/NVE12750/NVE25321/NVE15724/NVE3738/NVE14566/NVE14567/NVE1991/NVE9430/NVE24526/NVE2792/NVE14760/NVE4948/NVE6028/NVE1761/NVE2069/NVE7110",52,27,0.519230769230769
"4","00190 Oxidative phosphorylation","00190 Oxidative phosphorylation",74,0.483946472881088,1.869117337993,0.000109734889713203,0.00126693918123425,0.000908331862219332,6312,"tags=50%, list=25%, signal=38%","NVE18114/NVE22193/NVE24009/NVE4127/NVE23976/NVE3078/NVE21011/NVE10857/NVE14193/NVE15677/NVE12849/NVE5553/NVE3014/NVE12526/NVE9619/NVE878/NVE17215/NVE1330/NVE2309/NVE9329/NVE23200/NVE4582/NVE10619/NVE19946/NVE12527/NVE20120/NVE11184/NVE5007/NVE1958/NVE26155/NVE11721/NVE1879/NVE1074/NVE19075/NVE25480/NVE13302/NVE10852",75,37,0.493333333333333
"5","00220 Arginine biosynthesis","00220 Arginine biosynthesis",20,0.733774704137834,2.13512414277219,2.29377977283526e-05,0.000370141286058088,0.000265372741351219,1482,"tags=35%, list=6%, signal=33%","NVE11847/NVE17569/NVE11846/NVE572/NVE8185/NVE24297/NVE19584",20,7,0.35
"6","00230 Purine metabolism","00230 Purine metabolism",156,0.324395635189514,1.41623354498256,0.00790353332534904,0.0371758789747899,0.0266532410387014,6004,"tags=33%, list=24%, signal=25%","NVE2496/NVE21271/NVE14036/NVE1226/NVE22347/NVE21389/NVE1227/NVE12649/NVE24635/NVE17003/NVE2271/NVE22976/NVE1446/NVE15927/NVE25606/NVE18699/NVE224/NVE4003/NVE12389/NVE16619/NVE16945/NVE2820/NVE12505/NVE8233/NVE5619/NVE21513/NVE17603/NVE2394/NVE23796/NVE13423/NVE1447/NVE959/NVE4002/NVE8178/NVE22651/NVE11878/NVE4158/NVE9058/NVE5488/NVE2438/NVE15966/NVE25009/NVE14346/NVE16423/NVE632/NVE6900/NVE20479/NVE4254/NVE8336/NVE22652/NVE10693",157,51,0.32484076433121
"7","00240 Pyrimidine metabolism","00240 Pyrimidine metabolism",96,0.380342887612194,1.55236099908097,0.00515266595000079,0.0283463509112019,0.0203229121742144,6501,"tags=41%, list=26%, signal=30%","NVE16451/NVE17882/NVE6339/NVE21389/NVE24635/NVE2271/NVE22976/NVE15927/NVE25606/NVE224/NVE4003/NVE25467/NVE16945/NVE15202/NVE2820/NVE7509/NVE21513/NVE4370/NVE23796/NVE23310/NVE959/NVE4002/NVE8178/NVE11878/NVE4158/NVE21957/NVE2438/NVE16410/NVE25009/NVE16423/NVE632/NVE6900/NVE20479/NVE4104/NVE8336/NVE25609/NVE9600/NVE8817/NVE19169",98,39,0.397959183673469
"8","00250 Alanine, aspartate and glutam","00250 Alanine, aspartate and glutam",38,0.603931250744147,2.07965107156932,4.72108027632544e-05,0.00059957719509333,0.000429866783054895,639,"tags=24%, list=3%, signal=23%","NVE11847/NVE17569/NVE11846/NVE8185/NVE14036/NVE16181/NVE22347/NVE24297/NVE1567",39,9,0.230769230769231
"9","00280 Valine, leucine and isoleucin","00280 Valine, leucine and isoleucin",59,0.548477925330452,2.05175601873634,1.96765426827735e-05,0.000356988702958891,0.000255942998806001,6372,"tags=58%, list=25%, signal=43%","NVE22615/NVE9899/NVE4103/NVE15723/NVE3085/NVE7824/NVE8412/NVE25426/NVE4306/NVE13010/NVE6472/NVE3478/NVE2365/NVE19050/NVE2445/NVE7486/NVE22802/NVE15724/NVE3738/NVE8142/NVE12850/NVE18909/NVE12851/NVE9430/NVE8413/NVE14844/NVE8921/NVE8769/NVE11540/NVE8143/NVE19928/NVE4948/NVE6028/NVE1761",60,34,0.566666666666667
"10","00520 Amino sugar and nucleotide su","00520 Amino sugar and nucleotide su",54,0.489590553788081,1.81163184046749,0.0014354590947163,0.0107237238252335,0.00768837224105013,2605,"tags=31%, list=10%, signal=28%","NVE14301/NVE2496/NVE1264/NVE13129/NVE21452/NVE16181/NVE6592/NVE25028/NVE20000/NVE14848/NVE4573/NVE865/NVE274/NVE20151/NVE9147/NVE22414/NVE8660",54,17,0.314814814814815
"11","00561 Glycerolipid metabolism","00561 Glycerolipid metabolism",45,0.463184028591624,1.65046386176726,0.00560340924810688,0.0296513739378989,0.0212585482439143,6543,"tags=38%, list=26%, signal=28%","NVE9413/NVE5100/NVE22615/NVE10185/NVE15723/NVE1000/NVE9119/NVE2445/NVE8752/NVE15724/NVE3738/NVE3214/NVE16138/NVE9989/NVE11601/NVE1761/NVE11536",45,17,0.377777777777778
"12","00564 Glycerophospholipid metabolis","00564 Glycerophospholipid metabolis",65,0.438006902247804,1.63729672409382,0.00245914367729908,0.0164374340535254,0.0117848159604637,6849,"tags=40%, list=27%, signal=29%","NVE9413/NVE23561/NVE25492/NVE17289/NVE16749/NVE640/NVE8432/NVE4030/NVE9119/NVE16747/NVE25097/NVE8752/NVE20139/NVE15187/NVE18269/NVE9989/NVE3885/NVE12677/NVE9854/NVE11601/NVE20894/NVE24303/NVE11536/NVE4639/NVE14198/NVE10958",65,26,0.4
"13","00620 Pyruvate metabolism","00620 Pyruvate metabolism",49,0.566115200755982,2.05314718722818,2.33159865233441e-05,0.000370141286058088,0.000265372741351219,4921,"tags=43%, list=19%, signal=35%","NVE22444/NVE23257/NVE22318/NVE22615/NVE21878/NVE22317/NVE15723/NVE3062/NVE2365/NVE11482/NVE21377/NVE2445/NVE7486/NVE15724/NVE3738/NVE8142/NVE8805/NVE22316/NVE21378/NVE287/NVE1238",49,21,0.428571428571429
"14","00630 Glyoxylate and dicarboxylate ","00630 Glyoxylate and dicarboxylate ",44,0.46953968949161,1.67051229662092,0.00743266649523766,0.0356207035809503,0.0255382582656627,5854,"tags=50%, list=23%, signal=38%","NVE3124/NVE1567/NVE16526/NVE21878/NVE14208/NVE3062/NVE4306/NVE2365/NVE363/NVE24483/NVE11903/NVE7486/NVE19140/NVE8142/NVE18909/NVE21057/NVE3214/NVE1238/NVE1393/NVE11589/NVE8143/NVE16768",45,22,0.488888888888889
"15","00730 Thiamine metabolism","00730 Thiamine metabolism",16,0.674741737041569,1.85389919091225,0.00359017935800405,0.0212071059751867,0.0152044315528691,4186,"tags=50%, list=17%, signal=42%","NVE11514/NVE11517/NVE26215/NVE1446/NVE18699/NVE5619/NVE1447/NVE12178",16,8,0.5
"16","00900 Terpenoid backbone biosynthes","00900 Terpenoid backbone biosynthes",21,0.6623624148213,1.95254344156585,0.00055230916770603,0.00483746650335626,0.00346822090791808,6092,"tags=62%, list=24%, signal=47%","NVE1569/NVE12023/NVE6472/NVE2365/NVE16406/NVE23535/NVE1377/NVE7486/NVE6681/NVE1459/NVE6392/NVE23543/NVE15891",21,13,0.619047619047619
"17","00910 Nitrogen metabolism","00910 Nitrogen metabolism",18,0.648931981049517,1.82719217898919,0.00524519091663972,0.0283463509112019,0.0203229121742144,613,"tags=28%, list=2%, signal=27%","NVE11847/NVE17569/NVE11846/NVE8185/NVE24297",18,5,0.277777777777778
"18","00920 Sulfur metabolism","00920 Sulfur metabolism",19,0.585611875613281,1.67497070027404,0.00810118208125258,0.037412731793421,0.026823052632664,859,"tags=26%, list=3%, signal=25%","NVE6951/NVE23390/NVE1226/NVE7849/NVE1227",19,5,0.263157894736842
"19","00970 Aminoacyl-tRNA biosynthesis","00970 Aminoacyl-tRNA biosynthesis",32,0.540134627683301,1.76384681675724,0.00684603063324003,0.0340959172714308,0.0244450629422193,4811,"tags=56%, list=19%, signal=46%","NVE21455/NVE13794/NVE6648/NVE1502/NVE24144/NVE5758/NVE1774/NVE11322/NVE20950/NVE11761/NVE10787/NVE6649/NVE17197/NVE24728/NVE9643/NVE5200/NVE12246/NVE3272",33,18,0.545454545454545
"20","01200 Carbon metabolism","01200 Carbon metabolism",135,0.430367369464645,1.8463908308329,9.95677561168475e-06,0.00028100233392977,0.000201464582552218,3953,"tags=33%, list=16%, signal=28%","NVE11847/NVE17569/NVE11846/NVE22444/NVE23257/NVE3124/NVE19211/NVE24297/NVE1567/NVE9159/NVE4573/NVE24356/NVE14766/NVE19524/NVE7745/NVE14193/NVE22362/NVE14208/NVE3085/NVE3062/NVE25426/NVE4694/NVE4306/NVE13010/NVE9774/NVE3478/NVE2365/NVE172/NVE12987/NVE10089/NVE363/NVE24483/NVE7806/NVE6571/NVE11482/NVE21377/NVE1375/NVE11903/NVE2309/NVE4786/NVE7486/NVE17322/NVE19140/NVE8142/NVE8805",138,45,0.326086956521739
"21","01230 Biosynthesis of amino acids","01230 Biosynthesis of amino acids",99,0.470383035655254,1.92378052888323,1.44411255362558e-05,0.000349205226029463,0.000250362636150423,3790,"tags=35%, list=15%, signal=30%","NVE11847/NVE17569/NVE11846/NVE22444/NVE23257/NVE24621/NVE24140/NVE19211/NVE3285/NVE24356/NVE14766/NVE5391/NVE19584/NVE14208/NVE15723/NVE15556/NVE7824/NVE4694/NVE1658/NVE11577/NVE21473/NVE18317/NVE172/NVE10026/NVE12987/NVE10089/NVE363/NVE7370/NVE6571/NVE3286/NVE21647/NVE4786/NVE1394/NVE19140/NVE15724",102,35,0.343137254901961
"22","02010 ABC transporters","02010 ABC transporters",59,-0.544054077190449,-1.90516527939541,0.00024136271023812,0.0024522451360193,0.00175813679457662,2434,"tags=25%, list=10%, signal=23%","NVE2315/NVE7907/NVE7906/NVE21037/NVE15479/NVE7903/NVE23357/NVE3966/NVE3965/NVE23359/NVE10037/NVE18585/NVE18587/NVE18588/NVE25222",60,15,0.25
"23","02020 Two-component system","02020 Two-component system",16,0.670275089853273,1.84162677147547,0.00425094091967223,0.0245395225817442,0.0175936071555812,4186,"tags=62%, list=17%, signal=52%","NVE6951/NVE22193/NVE11514/NVE21011/NVE11517/NVE26215/NVE5553/NVE2365/NVE7486/NVE12178",19,10,0.526315789473684
"24","03010 Ribosome","03010 Ribosome",129,-0.577307317541981,-2.27127732640851,1e-10,1.27e-08,9.10526315789474e-09,4284,"tags=57%, list=17%, signal=47%","NVE379/NVE1957/NVE4703/NVE11974/NVE8043/NVE9033/NVE1638/NVE13301/NVE69/NVE24100/NVE14982/NVE2507/NVE11578/NVE10151/NVE2088/NVE799/NVE4298/NVE9154/NVE22476/NVE19312/NVE45/NVE16142/NVE882/NVE10009/NVE4715/NVE5259/NVE11447/NVE10602/NVE24745/NVE9450/NVE3331/NVE17026/NVE13447/NVE4488/NVE22048/NVE20682/NVE14265/NVE11807/NVE6784/NVE3071/NVE2295/NVE21507/NVE22308/NVE3732/NVE16291/NVE10553/NVE2161/NVE23701/NVE1333/NVE2942/NVE19817/NVE1158/NVE4736/NVE3351/NVE19115/NVE12879/NVE18510/NVE14926/NVE7269/NVE21967/NVE17752/NVE21578/NVE13667/NVE23965/NVE8183/NVE4890/NVE2256/NVE6694/NVE10419/NVE12122/NVE9318/NVE14983/NVE3334",129,73,0.565891472868217
"25","03013 RNA transport","03013 RNA transport",140,0.41845600138628,1.80363644607839,1.57607371878827e-05,0.000349205226029463,0.000250362636150423,6649,"tags=49%, list=26%, signal=37%","NVE14842/NVE23975/NVE442/NVE10199/NVE4109/NVE11802/NVE25084/NVE18300/NVE22293/NVE22037/NVE5891/NVE8639/NVE24938/NVE9250/NVE12211/NVE3094/NVE24530/NVE22038/NVE18016/NVE22039/NVE11357/NVE25/NVE12149/NVE15586/NVE25587/NVE10060/NVE17407/NVE24083/NVE21933/NVE7441/NVE15292/NVE13830/NVE8571/NVE19788/NVE25888/NVE13833/NVE11235/NVE14979/NVE1535/NVE23298/NVE11011/NVE16882/NVE8829/NVE9345/NVE1135/NVE7225/NVE21225/NVE17089/NVE16759/NVE3133/NVE21785/NVE22288/NVE11327/NVE2705/NVE1936/NVE18069/NVE15701/NVE2976/NVE682/NVE21849/NVE15607/NVE12228/NVE21980/NVE9124/NVE2954/NVE12162/NVE26118/NVE713/NVE16135",142,69,0.485915492957746
"26","03030 DNA replication","03030 DNA replication",39,0.60355509475004,2.08612993876174,4.15690069357677e-05,0.000555711987457105,0.000398417628802649,5737,"tags=62%, list=23%, signal=48%","NVE2271/NVE21410/NVE26120/NVE22976/NVE10574/NVE19068/NVE5745/NVE4003/NVE9586/NVE22377/NVE9736/NVE10890/NVE23283/NVE514/NVE8552/NVE3145/NVE10318/NVE4002/NVE4158/NVE742/NVE24196/NVE16423/NVE632/NVE20479",39,24,0.615384615384615
"27","03040 Spliceosome","03040 Spliceosome",107,0.449300287164495,1.85357950054601,6.57728182743618e-06,0.000234509976400943,0.000168131893565533,6653,"tags=52%, list=26%, signal=39%","NVE4209/NVE21451/NVE15435/NVE14970/NVE1593/NVE11802/NVE41/NVE5003/NVE26111/NVE25552/NVE5659/NVE9422/NVE18766/NVE16892/NVE7299/NVE11333/NVE21175/NVE16435/NVE16891/NVE4295/NVE3064/NVE25587/NVE10060/NVE14141/NVE791/NVE13888/NVE5296/NVE13124/NVE26025/NVE3038/NVE25698/NVE383/NVE7441/NVE12994/NVE5909/NVE20999/NVE16028/NVE15326/NVE3289/NVE15075/NVE16528/NVE4852/NVE2923/NVE13905/NVE2385/NVE25892/NVE16759/NVE2366/NVE14204/NVE6172/NVE4027/NVE4771/NVE12228/NVE9124/NVE21775/NVE8729",107,56,0.523364485981308
"28","03050 Proteasome","03050 Proteasome",36,0.666901439215828,2.26783135528802,3.17346485564102e-06,0.00013434334555547,9.63174421098064e-05,6221,"tags=69%, list=25%, signal=52%","NVE5600/NVE19830/NVE22672/NVE9987/NVE10472/NVE21267/NVE18355/NVE1940/NVE17462/NVE18329/NVE15913/NVE11219/NVE10642/NVE22428/NVE4427/NVE10183/NVE12627/NVE3702/NVE190/NVE12759/NVE5765/NVE12955/NVE9282/NVE20755/NVE3751",38,25,0.657894736842105
"29","04010 MAPK signaling pathway","04010 MAPK signaling pathway",125,0.375250709790224,1.57879608331755,0.00132908629014803,0.0102299368999272,0.00733435177657444,5268,"tags=38%, list=21%, signal=30%","NVE16118/NVE5467/NVE13076/NVE1908/NVE4209/NVE2019/NVE15435/NVE25517/NVE20431/NVE15105/NVE5592/NVE5446/NVE21090/NVE10177/NVE3700/NVE18077/NVE12665/NVE13315/NVE2735/NVE4423/NVE13524/NVE567/NVE24698/NVE6516/NVE14609/NVE24783/NVE10954/NVE16474/NVE12846/NVE18321/NVE3190/NVE4220/NVE24506/NVE6335/NVE973/NVE12236/NVE3937/NVE8617/NVE25405/NVE22538/NVE13951/NVE380/NVE1111/NVE3660/NVE24037/NVE23212/NVE20036",125,47,0.376
"30","04011 MAPK signaling pathway - yeas","04011 MAPK signaling pathway - yeas",24,0.53710236224213,1.65146374509179,0.00897396474388685,0.0407033400883439,0.029182253772414,4284,"tags=42%, list=17%, signal=35%","NVE19960/NVE23052/NVE459/NVE3700/NVE16736/NVE4030/NVE23819/NVE1660/NVE24506/NVE3937",25,10,0.4
"31","04012 ErbB signaling pathway","04012 ErbB signaling pathway",42,0.589054940534671,2.07829048391109,4.14605839734724e-05,0.000555711987457105,0.000398417628802649,4676,"tags=55%, list=18%, signal=45%","NVE16118/NVE13076/NVE2019/NVE173/NVE25517/NVE19829/NVE16957/NVE15767/NVE18254/NVE21090/NVE23281/NVE21503/NVE18077/NVE12665/NVE2735/NVE25257/NVE10427/NVE14609/NVE4740/NVE10954/NVE5896/NVE3937/NVE11223",42,23,0.547619047619048
"32","04014 Ras signaling pathway","04014 Ras signaling pathway",137,0.42894605772916,1.83781262806402,7.38614098900606e-06,0.000234509976400943,0.000168131893565533,6996,"tags=51%, list=28%, signal=37%","NVE16118/NVE22530/NVE23561/NVE5467/NVE13076/NVE1908/NVE25517/NVE5592/NVE15767/NVE459/NVE5446/NVE26076/NVE10177/NVE22030/NVE3700/NVE21503/NVE18077/NVE12665/NVE2735/NVE4423/NVE25257/NVE10427/NVE23819/NVE567/NVE14609/NVE4740/NVE18246/NVE14545/NVE10853/NVE10954/NVE16474/NVE13451/NVE11328/NVE1660/NVE3190/NVE5433/NVE4220/NVE6335/NVE15024/NVE12236/NVE3937/NVE23846/NVE8617/NVE25405/NVE20919/NVE11223/NVE15934/NVE1111/NVE15187/NVE3660/NVE1996/NVE18269/NVE15933/NVE23212/NVE12677/NVE15244/NVE6618/NVE12247/NVE23602/NVE24303/NVE3696/NVE16473/NVE15247/NVE568/NVE4639/NVE12551/NVE10958/NVE18274/NVE5293/NVE7637",137,70,0.510948905109489
"33","04080 Neuroactive ligand-receptor i","04080 Neuroactive ligand-receptor i",219,-0.428035976709706,-1.80635370932296,9.19096782219362e-07,4.66901165367436e-05,3.34744722787263e-05,7286,"tags=46%, list=29%, signal=33%","NVE2156/NVE8642/NVE22969/NVE22611/NVE19042/NVE19198/NVE9945/NVE13342/NVE4101/NVE19889/NVE20158/NVE23959/NVE8456/NVE22082/NVE17822/NVE278/NVE21701/NVE611/NVE2150/NVE8340/NVE11165/NVE21547/NVE18483/NVE20517/NVE895/NVE15871/NVE20477/NVE23007/NVE18734/NVE8550/NVE21438/NVE18488/NVE18988/NVE19779/NVE21178/NVE5469/NVE5601/NVE11773/NVE4566/NVE2416/NVE22524/NVE2810/NVE2379/NVE21660/NVE12636/NVE24811/NVE7899/NVE1881/NVE19776/NVE1157/NVE11027/NVE21442/NVE1611/NVE12535/NVE14460/NVE25785/NVE8454/NVE7273/NVE7645/NVE14540/NVE860/NVE12671/NVE9473/NVE20920/NVE13468/NVE876/NVE13412/NVE15868/NVE14195/NVE12/NVE9826/NVE18021/NVE19361/NVE2510/NVE16109/NVE18893/NVE18326/NVE23353/NVE4822/NVE12131/NVE2372/NVE7912/NVE9453/NVE16129/NVE17158/NVE10193/NVE19181/NVE7782/NVE14757/NVE20960/NVE18882/NVE22894/NVE19357/NVE7439/NVE9215/NVE3047/NVE19694/NVE3048/NVE12192/NVE25329/NVE1844",219,101,0.461187214611872
"34","04130 SNARE interactions in vesicul","04130 SNARE interactions in vesicul",20,0.627491885890599,1.82586435237348,0.00244495777681004,0.0164374340535254,0.0117848159604637,7330,"tags=80%, list=29%, signal=57%","NVE21109/NVE23211/NVE9960/NVE5027/NVE1175/NVE22522/NVE11840/NVE23530/NVE18515/NVE5023/NVE20764/NVE4110/NVE19384/NVE17886/NVE17453/NVE22234",20,16,0.8
"35","04141 Protein processing in endopla","04141 Protein processing in endopla",125,0.510404266338137,2.14742900034405,1.3932172441486e-08,1.17959060004581e-06,8.4570730960599e-07,6976,"tags=60%, list=28%, signal=44%","NVE12650/NVE4437/NVE10734/NVE14927/NVE13177/NVE9018/NVE4209/NVE22525/NVE15435/NVE11918/NVE11632/NVE5203/NVE22939/NVE20347/NVE8904/NVE442/NVE20202/NVE18735/NVE15734/NVE3918/NVE13347/NVE25970/NVE11717/NVE22467/NVE11407/NVE25674/NVE18979/NVE13315/NVE19479/NVE2020/NVE227/NVE19961/NVE1311/NVE22537/NVE7481/NVE13984/NVE986/NVE21587/NVE6044/NVE19531/NVE155/NVE3013/NVE11159/NVE6748/NVE24912/NVE10954/NVE1554/NVE3781/NVE4889/NVE15353/NVE22782/NVE24562/NVE4881/NVE4086/NVE23298/NVE21987/NVE3635/NVE9576/NVE25370/NVE2780/NVE14897/NVE22653/NVE5680/NVE4414/NVE9359/NVE1572/NVE11836/NVE1155/NVE6477/NVE24947/NVE21822/NVE25371/NVE12551/NVE22711/NVE3220",126,75,0.595238095238095
"36","04144 Endocytosis","04144 Endocytosis",156,0.513492172643006,2.24178367738565,1e-10,1.27e-08,9.10526315789474e-09,4588,"tags=43%, list=18%, signal=35%","NVE8122/NVE19557/NVE10865/NVE6987/NVE4209/NVE15435/NVE16957/NVE11257/NVE18075/NVE1740/NVE79/NVE15433/NVE2534/NVE20506/NVE23820/NVE459/NVE10552/NVE15469/NVE2871/NVE16608/NVE4283/NVE5446/NVE563/NVE7811/NVE10083/NVE10177/NVE3700/NVE14485/NVE10650/NVE18776/NVE17642/NVE3847/NVE21274/NVE13401/NVE12342/NVE17646/NVE3081/NVE4853/NVE888/NVE18071/NVE21222/NVE6954/NVE16831/NVE9470/NVE431/NVE12899/NVE16304/NVE26088/NVE25594/NVE16474/NVE1660/NVE3672/NVE18321/NVE3190/NVE5902/NVE15418/NVE21861/NVE15988/NVE12210/NVE13502/NVE8751/NVE17374/NVE23142/NVE14581/NVE23846/NVE15027/NVE5933",157,67,0.426751592356688
"37","04151 PI3K-Akt signaling pathway","04151 PI3K-Akt signaling pathway",151,0.347910424092941,1.50908852822462,0.00259694067254679,0.0169134084827407,0.0121260657584506,6361,"tags=47%, list=25%, signal=35%","NVE19960/NVE15554/NVE5467/NVE13177/NVE23339/NVE18061/NVE1908/NVE22318/NVE22525/NVE25931/NVE25517/NVE23052/NVE11339/NVE5592/NVE12675/NVE5446/NVE10178/NVE22317/NVE10177/NVE3621/NVE23281/NVE21503/NVE18077/NVE12665/NVE18300/NVE12920/NVE13315/NVE2735/NVE4423/NVE25257/NVE25658/NVE22567/NVE23819/NVE23160/NVE11117/NVE25/NVE16474/NVE13451/NVE3190/NVE5433/NVE17425/NVE4220/NVE11829/NVE4889/NVE21837/NVE15024/NVE5896/NVE17426/NVE3937/NVE18592/NVE22316/NVE8617/NVE25405/NVE5664/NVE20681/NVE22862/NVE3660/NVE16898/NVE26184/NVE23212/NVE22861/NVE15244/NVE18590/NVE10220/NVE12247/NVE6850/NVE3082/NVE21287/NVE3696/NVE11362/NVE16473",152,71,0.467105263157895
"38","04211 Longevity regulating pathway ","04211 Longevity regulating pathway ",43,0.503387814972726,1.77314326219398,0.00218560874058539,0.015420683891908,0.0110558570795694,5048,"tags=49%, list=20%, signal=39%","NVE15554/NVE18061/NVE25517/NVE20202/NVE18965/NVE23281/NVE21503/NVE18077/NVE12665/NVE18300/NVE13315/NVE25257/NVE14916/NVE25/NVE15077/NVE1848/NVE4889/NVE6335/NVE9286/NVE22862/NVE11463",43,21,0.488372093023256
"39","04212 Longevity regulating pathway ","04212 Longevity regulating pathway ",42,0.558554634321891,1.97067998479388,0.000251952849277837,0.00246138552756041,0.00176468999696623,4460,"tags=52%, list=18%, signal=43%","NVE18719/NVE10484/NVE25517/NVE7949/NVE23234/NVE12675/NVE11919/NVE18965/NVE23281/NVE8886/NVE21503/NVE18077/NVE13315/NVE6831/NVE2172/NVE14916/NVE10791/NVE10954/NVE11247/NVE23142/NVE11085/NVE1413",43,22,0.511627906976744
"40","04214 Apoptosis - fly","04214 Apoptosis - fly",52,0.465720973477863,1.71396536360797,0.0030696462147623,0.0190168326475518,0.0136341154083152,2112,"tags=29%, list=8%, signal=26%","NVE6951/NVE9883/NVE21851/NVE15261/NVE23234/NVE6497/NVE25828/NVE21090/NVE8886/NVE2537/NVE12665/NVE13315/NVE9681/NVE20754/NVE6831",52,15,0.288461538461538
"41","04260 Cardiac muscle contraction","04260 Cardiac muscle contraction",29,0.569940586476142,1.83160287119513,0.00185794600653659,0.0134833795902941,0.00966690704152871,2831,"tags=38%, list=11%, signal=34%","NVE18114/NVE22193/NVE24009/NVE4127/NVE3078/NVE10857/NVE15677/NVE5553/NVE3014/NVE14118/NVE3068",29,11,0.379310344827586
"42","04341 Hedgehog signaling pathway - ","04341 Hedgehog signaling pathway - ",23,0.579612222254024,1.77189013373857,0.0071865502703545,0.0351035340128855,0.0251674736188528,6976,"tags=61%, list=28%, signal=44%","NVE21055/NVE19961/NVE25227/NVE7872/NVE10002/NVE7969/NVE6335/NVE5896/NVE3635/NVE12957/NVE21021/NVE9143/NVE8280/NVE3220",23,14,0.608695652173913
"43","04360 Axon guidance","04360 Axon guidance",82,0.490553303108935,1.93606727203467,1.78727084188308e-05,0.000349205226029463,0.000250362636150423,5243,"tags=48%, list=21%, signal=38%","NVE16441/NVE17149/NVE24126/NVE5022/NVE1908/NVE173/NVE11339/NVE5592/NVE459/NVE18254/NVE23181/NVE7811/NVE13160/NVE10746/NVE26076/NVE3700/NVE18506/NVE21503/NVE12665/NVE1780/NVE12920/NVE25257/NVE7071/NVE6122/NVE25227/NVE4740/NVE1660/NVE23137/NVE19007/NVE5896/NVE1296/NVE3937/NVE24834/NVE8617/NVE22538/NVE11223/NVE3457/NVE17522/NVE5937",82,39,0.475609756097561
"44","04370 VEGF signaling pathway","04370 VEGF signaling pathway",24,0.671064618668643,2.06336625241932,0.000129545736713362,0.00143063552718234,0.00102569393370305,4547,"tags=58%, list=18%, signal=48%","NVE1908/NVE25517/NVE5592/NVE3700/NVE21503/NVE18077/NVE12665/NVE25257/NVE24698/NVE23160/NVE14609/NVE3937/NVE8617/NVE22538",24,14,0.583333333333333
"45","04514 Cell adhesion molecules (CAMs","04514 Cell adhesion molecules (CAMs",28,0.63533732291709,2.00748619121457,0.00021647856005877,0.00229106476062198,0.00164257854781435,5088,"tags=61%, list=20%, signal=49%","NVE22201/NVE5422/NVE1165/NVE12757/NVE3628/NVE11339/NVE16481/NVE14846/NVE12920/NVE11552/NVE15338/NVE9973/NVE20681/NVE18293/NVE18296/NVE11545/NVE5080",28,17,0.607142857142857
"46","04650 Natural killer cell mediated ","04650 Natural killer cell mediated ",25,0.570724194626754,1.7697206907414,0.00651048571155118,0.03307326741468,0.0237118742757548,5261,"tags=60%, list=21%, signal=48%","NVE1908/NVE5592/NVE26076/NVE20967/NVE21503/NVE12665/NVE2735/NVE25257/NVE10427/NVE14609/NVE3937/NVE8617/NVE22538/NVE16898/NVE23212",25,15,0.6
"47","04660 T cell receptor signaling pat","04660 T cell receptor signaling pat",38,0.559437166761212,1.92643467596205,0.000348725690290063,0.003280604641988,0.00235202902222928,4676,"tags=53%, list=18%, signal=43%","NVE11928/NVE8205/NVE3959/NVE25517/NVE16957/NVE459/NVE3958/NVE18254/NVE21090/NVE3700/NVE21503/NVE18077/NVE12665/NVE2735/NVE25257/NVE1660/NVE5896/NVE3937/NVE22538/NVE11223",38,20,0.526315789473684
"48","04662 B cell receptor signaling pat","04662 B cell receptor signaling pat",35,0.539573748942608,1.8236230997419,0.00331892750089143,0.0200716091720577,0.0143903372845669,5919,"tags=66%, list=23%, signal=50%","NVE11928/NVE23339/NVE1908/NVE3959/NVE25517/NVE5592/NVE3958/NVE21090/NVE21503/NVE18077/NVE12665/NVE2735/NVE25257/NVE17632/NVE14609/NVE5896/NVE3937/NVE8617/NVE22538/NVE16898/NVE23212/NVE10508/NVE12247",35,23,0.657142857142857
"49","04666 Fc gamma R-mediated phagocyto","04666 Fc gamma R-mediated phagocyto",59,0.415455383106906,1.55414291704162,0.00979020216633529,0.043626514916652,0.0312780235415698,2293,"tags=32%, list=9%, signal=29%","NVE10865/NVE1908/NVE2019/NVE25517/NVE8740/NVE18075/NVE5592/NVE16608/NVE23181/NVE563/NVE13160/NVE10746/NVE3700/NVE18506/NVE23281/NVE21503/NVE18077/NVE17646/NVE25257",59,19,0.322033898305085
"50","04722 Neurotrophin signaling pathwa","04722 Neurotrophin signaling pathwa",90,0.523093497574397,2.10346088334731,8.07128582363815e-07,4.66901165367436e-05,3.34744722787263e-05,5261,"tags=51%, list=21%, signal=41%","NVE19960/NVE22530/NVE1908/NVE12240/NVE2019/NVE173/NVE25517/NVE23052/NVE15105/NVE8740/NVE5592/NVE15767/NVE459/NVE20202/NVE21090/NVE26076/NVE3700/NVE21503/NVE18077/NVE12665/NVE13315/NVE2735/NVE475/NVE25257/NVE5010/NVE10427/NVE24698/NVE4740/NVE14545/NVE10853/NVE25653/NVE10954/NVE1660/NVE12241/NVE24506/NVE973/NVE5896/NVE12236/NVE3937/NVE8617/NVE20919/NVE15934/NVE1111/NVE1996/NVE15933/NVE23212",91,46,0.505494505494505
"51","04727 GABAergic synapse","04727 GABAergic synapse",79,-0.411480641355452,-1.51460386712928,0.0107193443122633,0.0469433354364632,0.0336560175321514,7940,"tags=48%, list=31%, signal=33%","NVE14366/NVE21877/NVE22965/NVE21922/NVE16721/NVE22611/NVE19042/NVE9131/NVE4666/NVE8456/NVE17822/NVE8340/NVE25941/NVE21438/NVE13688/NVE19779/NVE5469/NVE6254/NVE2379/NVE16696/NVE19776/NVE1157/NVE14460/NVE8454/NVE20737/NVE860/NVE876/NVE8637/NVE5099/NVE19361/NVE4822/NVE15339/NVE10193/NVE18882/NVE19357/NVE3047/NVE3048/NVE13231",79,38,0.481012658227848
"52","04742 Taste transduction","04742 Taste transduction",21,-0.590775690502289,-1.64295333582793,0.00644565788315815,0.03307326741468,0.0237118742757548,7096,"tags=71%, list=28%, signal=51%","NVE19042/NVE23003/NVE8456/NVE8340/NVE19779/NVE5469/NVE2379/NVE19776/NVE1157/NVE3215/NVE8454/NVE2372/NVE10193/NVE3047/NVE3048",21,15,0.714285714285714
"53","04910 Insulin signaling pathway","04910 Insulin signaling pathway",100,0.467363954160672,1.90788495748825,1.66944456953872e-05,0.000349205226029463,0.000250362636150423,5261,"tags=45%, list=21%, signal=36%","NVE22201/NVE16118/NVE22530/NVE18061/NVE13076/NVE2019/NVE22318/NVE9159/NVE25517/NVE16957/NVE24121/NVE22317/NVE5398/NVE23281/NVE24070/NVE21503/NVE18077/NVE12665/NVE18300/NVE2735/NVE475/NVE25257/NVE4198/NVE10427/NVE25/NVE14545/NVE15338/NVE10853/NVE10954/NVE6335/NVE5896/NVE4716/NVE3937/NVE15543/NVE22316/NVE20919/NVE13951/NVE15934/NVE3482/NVE23271/NVE11463/NVE23978/NVE1996/NVE15933/NVE23212",100,45,0.45
"54","04932 Non-alcoholic fatty liver dis","04932 Non-alcoholic fatty liver dis",88,0.48077749470596,1.92417657392338,2.53185059071085e-05,0.000378288264729739,0.000271213716528159,6343,"tags=50%, list=25%, signal=38%","NVE6951/NVE18114/NVE22193/NVE24009/NVE4127/NVE3078/NVE10857/NVE1908/NVE21851/NVE25517/NVE15261/NVE5592/NVE20202/NVE21090/NVE3700/NVE21503/NVE15677/NVE18077/NVE13315/NVE9681/NVE5553/NVE3014/NVE25257/NVE12526/NVE17215/NVE2309/NVE10954/NVE9329/NVE5896/NVE4582/NVE8617/NVE23298/NVE12527/NVE11463/NVE1958/NVE1879/NVE1074/NVE12247/NVE15865/NVE19075/NVE25480/NVE13302/NVE10852/NVE21287",88,44,0.5
"55","04961 Endocrine and other factor-re","04961 Endocrine and other factor-re",20,0.603658486784365,1.75651436585979,0.00482221370951329,0.0272187173825861,0.0195144554794339,5869,"tags=70%, list=23%, signal=54%","NVE15469/NVE14485/NVE18776/NVE21274/NVE12342/NVE14118/NVE14609/NVE16304/NVE21861/NVE6335/NVE12210/NVE24413/NVE16402/NVE5700",20,14,0.7
"56","04974 Protein digestion and absorpt","04974 Protein digestion and absorpt",86,-0.49126634370917,-1.82910858087938,9.3449403969601e-05,0.00113029279087041,0.00081036325246822,1981,"tags=29%, list=8%, signal=27%","NVE22226/NVE2328/NVE12158/NVE15507/NVE10179/NVE12906/NVE15238/NVE23323/NVE24872/NVE21107/NVE6574/NVE12380/NVE15477/NVE15239/NVE21105/NVE6370/NVE8414/NVE25334/NVE575/NVE6179/NVE21586/NVE25332/NVE15070/NVE20648/NVE255",86,25,0.290697674418605
"57","04976 Bile secretion","04976 Bile secretion",56,-0.48274641814345,-1.67713628622123,0.00306494836894531,0.0190168326475518,0.0136341154083152,2434,"tags=25%, list=10%, signal=23%","NVE2315/NVE7907/NVE7906/NVE21037/NVE7903/NVE23357/NVE3966/NVE3965/NVE23359/NVE10037/NVE18585/NVE18587/NVE18588/NVE25222",56,14,0.25
"58","05010 Alzheimerps disease","05010 Alzheimerps disease",126,0.380106210674864,1.60247003882348,0.00100854219128012,0.0082635392446823,0.00592454326286795,6312,"tags=39%, list=25%, signal=29%","NVE6951/NVE572/NVE18114/NVE22193/NVE22530/NVE24009/NVE4127/NVE3078/NVE10857/NVE21851/NVE12240/NVE15261/NVE15677/NVE9681/NVE5553/NVE3014/NVE12526/NVE3065/NVE604/NVE23160/NVE17215/NVE14545/NVE10853/NVE2309/NVE2307/NVE9329/NVE13607/NVE12241/NVE5896/NVE4582/NVE3937/NVE18387/NVE22538/NVE20919/NVE15934/NVE12527/NVE1996/NVE15933/NVE1958/NVE1879/NVE1074/NVE2160/NVE6618/NVE10369/NVE23602/NVE19075/NVE25480/NVE13302/NVE10852",126,49,0.388888888888889
